event_id,identity_id,platform,event_type,timestamp,source_ip,resource,action,anomaly_type,severity
EVT00459,ID0321,AWS,login,2025-11-29 16:40:59,10.63.15.62,,login_success,,
EVT00485,ID0344,AD,login,2026-05-24 10:46:01,10.86.63.94,,login_success,,
EVT00407,ID0275,AWS,login,2026-05-05 09:10:51,10.155.20.56,,login_success,,
EVT00641,ID0013,AWS,privilege_change,2026-05-28 03:08:16,10.20.248.181,arn:aws:iam::aws:policy/IAMFullAccess,group_membership_added,privilege_escalation,HIGH
EVT00640,ID0332,AD,privilege_change,2026-06-05 02:14:20,10.177.224.188,arn:aws:iam::aws:policy/AdministratorAccess,group_membership_added,privilege_escalation,HIGH
EVT00772,ID0379,AD,login,2025-11-01 00:00:00,213.9.176.92,,login_success,cross_platform_cascade,MEDIUM
EVT00046,ID0037,Okta,login,2026-04-26 12:10:51,10.90.211.7,ec2:i-0a1b2c3d4e5f,ec2:DescribeInstances,,
EVT00765,ID0152,Okta,login,2026-06-11 01:23:32,17.224.87.90,,login_success,cross_platform_cascade,MEDIUM
EVT00035,ID0028,AWS,login,2026-06-13 15:56:36,10.126.20.159,s3://socgen-finance-reports/,s3:GetObject,,
EVT00009,ID0009,Okta,login,2026-05-17 14:59:40,10.112.166.216,,login_success,,
EVT00316,ID0214,Okta,login,2026-05-03 09:52:45,10.203.39.77,\\corp\IT\Scripts,login_success,legitimate_high_priv,
EVT00966,ID0224,Okta,login,2026-06-05 02:45:42,149.84.236.191,,login_success,cross_platform_cascade,MEDIUM
EVT00375,ID0250,Okta,login,2026-04-27 09:44:08,10.244.36.59,,login_success,,
EVT00838,ID0022,AD,login,2026-02-07 00:00:00,213.110.28.164,,login_success,cross_platform_cascade,MEDIUM
EVT00953,ID0357,AWS,login,2025-12-11 00:00:00,216.128.15.171,,login_success,cross_platform_cascade,MEDIUM
EVT00436,ID0299,AWS,login,2026-04-24 17:05:21,10.247.15.111,ec2:i-0a1b2c3d4e5f,ec2:DescribeInstances,,
EVT00363,ID0244,Okta,login,2026-03-23 10:55:08,10.127.74.183,,login_success,,
EVT00540,ID0372,AWS,api_call,2026-06-08 23:28:40,10.207.221.81,s3://socgen-prod-data/customer/,s3:PutObject,legitimate_high_priv,
EVT00633,ID0107,AD,privilege_change,2026-05-25 03:24:53,10.6.62.250,arn:aws:iam::aws:policy/AdministratorAccess,group_membership_added,privilege_escalation,HIGH
EVT00617,ID0109,AD,privilege_change,2026-05-28 02:15:42,10.128.40.54,arn:aws:iam::aws:policy/AdministratorAccess,group_membership_added,privilege_escalation,HIGH
EVT00601,ID0397,AWS,api_call,2026-05-24 01:30:23,10.161.252.230,ec2:i-0a1b2c3d4e5f,s3:PutObject,legitimate_high_priv,
EVT00317,ID0214,Okta,login,2026-05-15 10:53:54,10.199.169.99,lambda:socgen-etl-function,login_success,legitimate_high_priv,
EVT00888,ID0249,Okta,login,2026-06-15 02:49:38,12.221.98.224,,login_success,cross_platform_cascade,MEDIUM
EVT00481,ID0341,AD,login,2025-07-09 08:00:40,10.127.115.178,,login_success,,
EVT00223,ID0157,AWS,login,2026-04-27 11:10:45,10.89.185.131,\\corp\Legal\Contracts,login_success,legitimate_high_priv,
EVT00179,ID0133,Okta,login,2026-06-08 17:20:38,10.243.77.246,\\corp\Finance\Reports,login_success,legitimate_high_priv,
EVT00414,ID0282,Okta,login,2026-05-29 10:13:58,10.95.140.72,s3://socgen-finance-reports/,login_success,,
EVT00161,ID0121,AWS,api_call,2026-05-22 15:21:10,10.189.159.185,Salesforce,ec2:DescribeInstances,,
EVT00554,ID0377,AWS,api_call,2026-06-12 02:46:56,10.39.38.229,s3://socgen-prod-data/customer/,lambda:InvokeFunction,,
EVT00351,ID0236,AD,login,2025-10-14 00:00:00,10.198.214.153,\\corp\IT\Scripts,login_success,legitimate_high_priv,
EVT00273,ID0184,AD,login,2026-04-22 09:19:10,10.207.159.177,,login_success,,
EVT00801,ID0018,Okta,login,2026-06-08 02:44:34,196.36.228.143,,login_success,cross_platform_cascade,MEDIUM
EVT00935,ID0178,AWS,login,2026-06-06 03:27:37,132.46.150.56,,login_success,cross_platform_cascade,MEDIUM
EVT00355,ID0238,Okta,login,2026-06-10 10:36:01,10.112.149.9,,login_success,,
EVT00768,ID0342,Okta,login,2026-05-27 02:04:07,159.37.159.222,,login_success,cross_platform_cascade,MEDIUM
EVT00135,ID0101,AD,login,2026-06-06 19:55:43,10.203.187.24,lambda:socgen-etl-function,login_success,legitimate_high_priv,
EVT00377,ID0251,AD,login,2026-06-12 10:33:36,10.4.84.113,,login_success,,
EVT00889,ID0367,AD,login,2026-05-25 03:44:44,217.251.141.195,,login_success,cross_platform_cascade,MEDIUM
EVT00307,ID0209,Okta,login,2026-04-22 17:39:58,10.247.249.5,\\corp\Finance\Reports,login_success,legitimate_high_priv,
EVT00831,ID0285,Okta,login,2026-05-24 03:37:19,212.18.189.222,,login_success,cross_platform_cascade,MEDIUM
EVT00315,ID0214,Okta,login,2026-06-18 17:11:59,10.161.8.247,\\corp\Legal\Contracts,login_success,legitimate_high_priv,
EVT00615,ID0042,AD,privilege_change,2026-06-10 02:14:20,10.162.149.182,GG-Enterprise-Admins,group_membership_added,privilege_escalation,HIGH
EVT00635,ID0279,AWS,privilege_change,2026-05-22 03:20:10,10.21.62.65,arn:aws:iam::aws:policy/IAMFullAccess,group_membership_added,privilege_escalation,HIGH
EVT00599,ID0396,AWS,api_call,2026-05-24 02:16:13,10.117.103.214,s3://socgen-finance-reports/,lambda:InvokeFunction,legitimate_high_priv,
EVT00112,ID0090,Okta,login,2026-04-25 18:08:55,10.35.141.198,lambda:socgen-etl-function,login_success,,
EVT00054,ID0042,Okta,login,2026-05-11 17:42:54,10.63.153.130,,login_success,,
EVT00632,ID0198,AD,privilege_change,2026-06-19 02:17:49,10.200.36.140,arn:aws:iam::aws:policy/IAMFullAccess,group_membership_added,privilege_escalation,HIGH
EVT00906,ID0272,Okta,login,2026-06-06 01:23:43,170.249.183.86,,login_success,cross_platform_cascade,MEDIUM
EVT00807,ID0368,Okta,login,2026-05-24 01:54:48,203.5.228.214,,login_success,cross_platform_cascade,MEDIUM
EVT00852,ID0061,Okta,login,2026-05-27 03:46:47,189.167.220.59,,login_success,cross_platform_cascade,MEDIUM
EVT00968,ID0037,AWS,login,2026-06-14 01:54:08,159.181.195.181,,login_success,cross_platform_cascade,MEDIUM
EVT00629,ID0161,AWS,privilege_change,2026-06-10 02:01:09,10.25.11.48,GG-Domain-Admins,group_membership_added,privilege_escalation,HIGH
EVT00759,ID0209,Okta,login,2026-05-26 03:44:13,221.128.13.236,,login_success,cross_platform_cascade,MEDIUM
EVT00742,ID0316,AD,login,2026-05-31 03:31:31,2.205.250.139,,login_success,cross_platform_cascade,MEDIUM
EVT00028,ID0023,Okta,login,2026-05-20 09:12:12,10.229.71.109,,login_success,,
EVT00740,ID0211,AWS,login,2026-06-01 01:38:31,213.72.184.85,,login_success,cross_platform_cascade,MEDIUM
EVT00027,ID0023,Okta,login,2026-03-26 08:41:41,10.50.31.104,,login_success,,
EVT00429,ID0293,AD,login,2026-05-15 18:25:54,10.16.93.155,GPO:Admin Workstation Policy,login_success,legitimate_high_priv,
EVT00755,ID0379,AWS,login,2025-11-01 00:00:00,157.227.187.108,,login_success,cross_platform_cascade,MEDIUM
EVT00677,ID0370,AWS,api_call,2026-06-05 04:01:21,146.195.110.208,iam:AttachUserPolicy,api_access,token_abuse,CRITICAL
EVT00818,ID0125,AWS,login,2026-06-11 03:13:07,198.212.198.60,,login_success,cross_platform_cascade,MEDIUM
EVT00854,ID0183,AWS,login,2026-06-02 01:50:19,192.249.155.226,,login_success,cross_platform_cascade,MEDIUM
EVT00561,ID0380,AWS,api_call,2026-05-31 01:20:06,10.140.134.149,s3://socgen-finance-reports/,s3:PutObject,legitimate_high_priv,
EVT00562,ID0381,AWS,api_call,2026-06-09 23:37:41,10.39.128.97,s3://socgen-finance-reports/,lambda:InvokeFunction,,
EVT00286,ID0195,Okta,login,2026-06-01 13:17:12,10.57.16.208,,login_success,,
EVT00386,ID0259,AWS,login,2026-06-15 13:19:05,10.104.79.138,Salesforce,s3:GetObject,,
EVT00072,ID0053,Okta,login,2026-04-26 10:29:11,10.25.133.98,s3://socgen-finance-reports/,login_success,,
EVT00271,ID0183,AWS,login,2026-04-22 12:15:00,10.133.196.61,s3://socgen-finance-reports/,login_success,legitimate_high_priv,
EVT00503,ID0356,AWS,api_call,2026-06-16 23:53:52,10.27.5.165,s3://socgen-finance-reports/,lambda:InvokeFunction,legitimate_high_priv,
EVT00095,ID0073,AD,login,2026-05-03 16:28:58,10.226.152.221,,login_success,,
EVT00776,ID0198,AWS,login,2026-05-22 02:45:30,1.126.15.240,,login_success,cross_platform_cascade,MEDIUM
EVT00661,ID0047,AD,privilege_change,2026-06-09 03:56:52,10.222.213.239,GG-Domain-Admins,group_membership_added,privilege_escalation,HIGH
EVT00107,ID0084,Okta,login,2026-06-14 14:12:33,10.185.255.161,,login_success,,
EVT00959,ID0259,AWS,login,2026-06-11 01:27:04,59.166.91.143,,login_success,cross_platform_cascade,MEDIUM
EVT00188,ID0136,AD,login,2026-02-05 00:00:00,10.51.19.170,GPO:Admin Workstation Policy,login_success,legitimate_high_priv,
EVT00180,ID0133,AWS,login,2026-04-30 08:57:53,10.175.43.130,iam:AttachUserPolicy,login_success,legitimate_high_priv,
EVT00787,ID0241,AD,login,2026-06-19 03:53:33,164.215.28.54,,login_success,cross_platform_cascade,MEDIUM
EVT00389,ID0262,AWS,login,2026-05-20 11:22:33,10.132.85.96,ec2:i-0a1b2c3d4e5f,ec2:DescribeInstances,,
EVT00230,ID0160,Okta,login,2026-04-01 10:19:39,10.47.86.152,,login_success,,
EVT00870,ID0350,Okta,login,2026-06-17 03:17:34,201.158.5.48,,login_success,cross_platform_cascade,MEDIUM
EVT00266,ID0180,AD,login,2026-05-13 08:36:38,10.54.171.73,,login_success,,
EVT00643,ID0162,AD,privilege_change,2026-06-04 01:09:28,10.151.134.139,GG-Enterprise-Admins,group_membership_added,privilege_escalation,HIGH
EVT00637,ID0194,AD,privilege_change,2026-05-26 02:17:37,10.61.202.203,arn:aws:iam::aws:policy/AdministratorAccess,group_membership_added,privilege_escalation,HIGH
EVT00333,ID0225,Okta,login,2026-05-05 07:29:45,10.107.224.205,GPO:Default Domain Policy,login_success,legitimate_high_priv,
EVT00350,ID0236,Okta,login,2025-10-14 00:00:00,10.60.122.79,\\corp\HR\Payroll,login_success,legitimate_high_priv,
EVT00819,ID0125,Okta,login,2026-06-11 03:15:07,80.183.191.243,,login_success,cross_platform_cascade,MEDIUM
EVT00645,ID0191,AD,privilege_change,2026-06-14 23:33:43,10.254.78.157,GG-Enterprise-Admins,group_membership_added,privilege_escalation,HIGH
EVT00221,ID0156,AD,login,2026-06-03 09:54:04,10.231.88.231,,login_success,,
EVT00662,ID0134,AD,privilege_change,2026-06-19 23:19:33,10.21.163.139,arn:aws:iam::aws:policy/AdministratorAccess,group_membership_added,privilege_escalation,HIGH
EVT00382,ID0254,AD,login,2026-04-18 11:24:07,10.123.255.164,,login_success,,
EVT00193,ID0140,Okta,login,2025-09-02 00:00:00,10.246.190.142,secretsmanager:GetSecretValue,login_success,,
EVT00491,ID0351,AWS,api_call,2026-06-11 23:10:02,10.254.106.177,iam:CreateUser,s3:PutObject,,
EVT00791,ID0177,AWS,login,2026-05-28 03:45:20,134.217.173.106,,login_success,cross_platform_cascade,MEDIUM
EVT00825,ID0056,Okta,login,2026-06-04 02:05:51,155.232.93.205,,login_success,cross_platform_cascade,MEDIUM
EVT00443,ID0304,AWS,login,2026-02-25 12:53:17,10.31.77.193,,login_success,,
EVT00207,ID0150,AD,login,2026-06-12 10:45:49,10.234.18.76,,login_success,,
EVT00580,ID0388,AWS,api_call,2026-06-02 23:23:39,10.141.203.194,s3://socgen-finance-reports/,s3:PutObject,,
EVT00844,ID0026,AD,login,2026-05-24 03:38:55,140.113.160.123,,login_success,cross_platform_cascade,MEDIUM
EVT00784,ID0332,AD,login,2026-06-06 02:50:52,48.249.11.43,,login_success,cross_platform_cascade,MEDIUM
EVT00943,ID0121,AD,login,2026-06-02 03:27:50,199.50.206.190,,login_success,cross_platform_cascade,MEDIUM
EVT00017,ID0014,AD,login,2026-06-01 17:53:40,10.101.78.96,lambda:socgen-etl-function,login_success,legitimate_high_priv,
EVT00283,ID0194,AWS,login,2026-06-15 13:43:42,10.68.178.31,\\corp\IT\Scripts,login_success,legitimate_high_priv,
EVT00868,ID0350,AD,login,2026-06-17 03:13:34,155.228.188.151,,login_success,cross_platform_cascade,MEDIUM
EVT00826,ID0285,AD,login,2026-06-16 03:12:21,44.156.57.62,,login_success,cross_platform_cascade,MEDIUM
EVT00743,ID0316,AWS,login,2026-05-31 03:33:31,219.243.15.142,,login_success,cross_platform_cascade,MEDIUM
EVT00857,ID0391,AWS,login,2026-06-10 01:14:12,146.73.94.188,,login_success,cross_platform_cascade,MEDIUM
EVT00504,ID0356,AWS,api_call,2026-05-24 23:31:55,10.84.38.193,iam:CreateUser,s3:PutObject,legitimate_high_priv,
EVT00076,ID0056,AWS,login,2026-05-07 16:16:49,10.188.85.156,s3://socgen-finance-reports/,login_success,,
EVT00339,ID0228,Okta,login,2026-05-16 15:37:44,10.113.228.96,s3://socgen-prod-data/customer/,login_success,legitimate_high_priv,
EVT00510,ID0359,AWS,api_call,2026-05-29 03:28:07,10.49.113.1,ec2:i-0a1b2c3d4e5f,s3:PutObject,,
EVT00253,ID0172,Okta,login,2026-04-29 10:44:13,10.210.241.224,,login_success,,
EVT00894,ID0260,Okta,login,2026-06-09 03:23:21,204.247.235.183,,login_success,cross_platform_cascade,MEDIUM
EVT00391,ID0263,Okta,login,2026-04-18 08:54:36,10.85.188.41,,login_success,,
EVT00725,ID0196,AWS,login,2026-06-07 03:35:13,157.244.135.128,,login_success,cross_platform_cascade,MEDIUM
EVT00518,ID0362,AWS,api_call,2026-05-26 23:08:08,10.211.153.216,ec2:i-0a1b2c3d4e5f,lambda:InvokeFunction,,
EVT00814,ID0141,AD,login,2026-06-06 02:53:19,142.144.236.174,,login_success,cross_platform_cascade,MEDIUM
EVT00427,ID0293,Okta,login,2026-04-25 18:59:39,10.182.114.171,iam:CreateUser,login_success,legitimate_high_priv,
EVT00061,ID0047,AD,login,2026-05-10 09:44:00,10.54.217.57,\\corp\IT\Scripts,login_success,legitimate_high_priv,
EVT00875,ID0168,AWS,login,2026-06-13 03:12:04,144.166.102.169,,login_success,cross_platform_cascade,MEDIUM
EVT00541,ID0373,AWS,api_call,2026-06-03 01:00:41,10.32.23.180,s3://socgen-prod-data/customer/,s3:PutObject,legitimate_high_priv,
EVT00472,ID0333,Okta,login,2026-05-18 10:46:51,10.93.171.168,,login_success,,
EVT00921,ID0194,Okta,login,2026-06-05 02:05:04,135.184.211.113,,login_success,cross_platform_cascade,MEDIUM
EVT00099,ID0076,Okta,login,2026-03-25 09:14:59,10.135.101.109,,login_success,,
EVT00138,ID0102,AWS,login,2026-04-29 19:29:58,10.154.209.30,ec2:i-0a1b2c3d4e5f,login_success,,
EVT00566,ID0382,AWS,api_call,2026-06-07 02:51:21,10.58.246.173,iam:CreateUser,s3:PutObject,,
EVT00839,ID0022,AWS,login,2026-02-07 00:00:00,218.185.220.187,,login_success,cross_platform_cascade,MEDIUM
EVT00559,ID0380,AWS,api_call,2026-06-09 23:02:14,10.249.118.17,ec2:i-0a1b2c3d4e5f,s3:PutObject,legitimate_high_priv,
EVT00254,ID0172,AD,login,2026-04-15 10:13:35,10.166.244.135,,login_success,,
EVT00777,ID0198,Okta,login,2026-05-22 02:47:30,204.167.230.234,,login_success,cross_platform_cascade,MEDIUM
EVT00172,ID0125,Okta,login,2026-06-06 12:21:49,10.86.39.131,iam:AttachUserPolicy,login_success,legitimate_high_priv,
EVT00197,ID0143,AD,login,2026-05-23 13:01:20,10.50.171.203,,login_success,,
EVT00618,ID0233,AD,privilege_change,2026-06-18 01:59:56,10.242.27.7,arn:aws:iam::aws:policy/IAMFullAccess,group_membership_added,privilege_escalation,HIGH
EVT00214,ID0154,AWS,login,2025-12-11 00:00:00,10.29.38.172,iam:AttachUserPolicy,login_success,,
EVT00902,ID0271,AWS,login,2026-06-16 03:07:52,206.41.32.245,,login_success,cross_platform_cascade,MEDIUM
EVT00408,ID0276,AD,login,2026-05-06 08:15:22,10.202.25.174,GPO:Default Domain Policy,login_success,legitimate_high_priv,
EVT00531,ID0368,AWS,api_call,2026-06-04 03:14:11,10.34.81.107,iam:CreateUser,s3:GetObject,,
EVT00449,ID0311,AWS,login,2026-01-05 16:54:17,10.234.6.202,,login_success,,
EVT00650,ID0218,AD,privilege_change,2026-06-04 03:02:46,10.36.155.20,arn:aws:iam::aws:policy/AdministratorAccess,group_membership_added,privilege_escalation,HIGH
EVT00810,ID0181,Okta,login,2026-05-24 03:24:45,163.248.126.54,,login_success,cross_platform_cascade,MEDIUM
EVT00970,ID0361,AD,login,2026-05-26 03:00:48,210.209.98.196,,login_success,cross_platform_cascade,MEDIUM
EVT00851,ID0061,AWS,login,2026-05-27 03:44:47,206.137.211.130,,login_success,cross_platform_cascade,MEDIUM
EVT00781,ID0094,AD,login,2026-06-06 03:57:55,201.212.50.173,,login_success,cross_platform_cascade,MEDIUM
EVT00141,ID0104,Okta,login,2026-06-16 12:44:23,10.111.227.114,,login_success,,
EVT00724,ID0196,AD,login,2026-06-07 03:33:13,210.8.107.66,,login_success,cross_platform_cascade,MEDIUM
EVT00044,ID0033,AD,login,2026-03-24 09:57:09,10.18.189.150,,login_success,,
EVT00626,ID0111,AWS,privilege_change,2026-06-08 23:15:10,10.199.193.57,GG-Enterprise-Admins,group_membership_added,privilege_escalation,HIGH
EVT00055,ID0043,Okta,login,2026-05-31 13:25:44,10.151.65.50,s3://socgen-prod-data/customer/,login_success,legitimate_high_priv,
EVT00952,ID0357,AD,login,2025-12-11 00:00:00,142.99.71.41,,login_success,cross_platform_cascade,MEDIUM
EVT00519,ID0363,AWS,api_call,2026-06-14 02:13:39,10.148.176.236,s3://socgen-finance-reports/,lambda:InvokeFunction,legitimate_high_priv,
EVT00370,ID0247,AD,login,2026-04-01 09:50:53,10.235.8.32,,login_success,,
EVT00385,ID0258,Okta,login,2026-05-15 16:40:45,10.212.216.180,,login_success,,
EVT00798,ID0198,Okta,login,2026-06-18 02:13:17,198.169.93.111,,login_success,cross_platform_cascade,MEDIUM
EVT00298,ID0205,Okta,login,2026-05-03 12:29:34,10.183.157.67,,login_success,,
EVT00007,ID0006,AD,login,2025-09-13 00:00:00,10.119.51.98,GPO:Default Domain Policy,login_success,legitimate_high_priv,
EVT00773,ID0379,AWS,login,2025-11-01 00:00:00,12.164.17.122,,login_success,cross_platform_cascade,MEDIUM
EVT00514,ID0361,AWS,api_call,2026-05-27 01:26:02,10.63.230.118,s3://socgen-finance-reports/,s3:PutObject,,
EVT00398,ID0269,Okta,login,2026-04-06 13:31:49,10.100.125.39,,login_success,,
EVT00557,ID0378,AWS,api_call,2026-06-16 03:29:32,10.46.203.94,s3://socgen-prod-data/customer/,lambda:InvokeFunction,,
EVT00258,ID0174,Okta,login,2026-06-05 12:36:43,10.194.202.210,,login_success,,
EVT00483,ID0342,AD,login,2026-05-14 12:29:46,10.172.222.228,,login_success,,
EVT00928,ID0358,AD,login,2026-06-04 01:06:25,40.25.239.107,,login_success,cross_platform_cascade,MEDIUM
EVT00634,ID0227,AWS,privilege_change,2026-05-28 02:02:12,10.235.48.134,arn:aws:iam::aws:policy/AdministratorAccess,group_membership_added,privilege_escalation,HIGH
EVT00967,ID0037,AD,login,2026-06-14 01:52:08,181.37.122.42,,login_success,cross_platform_cascade,MEDIUM
EVT00920,ID0194,AWS,login,2026-06-05 02:03:04,184.171.88.236,,login_success,cross_platform_cascade,MEDIUM
EVT00089,ID0068,AD,login,2026-06-05 13:47:34,10.94.98.56,,login_success,,
EVT00676,ID0369,AWS,api_call,2026-06-10 01:44:51,39.253.38.222,iam:CreateUser,api_access,token_abuse,CRITICAL
EVT00342,ID0231,Okta,login,2026-06-08 15:28:46,10.231.163.18,,login_success,,
EVT00752,ID0384,AWS,login,2026-05-28 01:56:13,197.228.3.223,,login_success,cross_platform_cascade,MEDIUM
EVT00352,ID0236,Okta,login,2025-10-14 00:00:00,10.88.85.126,GPO:Default Domain Policy,login_success,legitimate_high_priv,
EVT00523,ID0364,AWS,api_call,2026-05-30 03:16:09,10.31.151.53,s3://socgen-prod-data/customer/,s3:PutObject,,
EVT00863,ID0257,AWS,login,2026-06-17 03:19:09,154.227.161.167,,login_success,cross_platform_cascade,MEDIUM
EVT00778,ID0279,AD,login,2026-05-31 01:08:30,186.31.179.167,,login_success,cross_platform_cascade,MEDIUM
EVT00324,ID0219,AD,login,2026-04-24 14:35:35,10.208.52.7,,login_success,,
EVT00160,ID0120,Okta,login,2026-06-02 09:47:40,10.15.46.192,,login_success,,
EVT00036,ID0028,Okta,api_call,2026-05-09 12:45:20,10.122.135.102,ec2:i-0a1b2c3d4e5f,ec2:DescribeInstances,,
EVT00780,ID0279,Okta,login,2026-05-31 01:12:30,106.24.19.210,,login_success,cross_platform_cascade,MEDIUM
EVT00288,ID0196,AD,login,2026-06-15 11:25:28,10.119.111.194,,login_success,,
EVT00593,ID0394,AWS,api_call,2026-06-02 23:30:49,10.124.173.247,iam:CreateUser,lambda:InvokeFunction,legitimate_high_priv,
EVT00977,ID0172,AWS,login,2026-06-01 02:38:28,159.5.132.163,,login_success,cross_platform_cascade,MEDIUM
EVT00116,ID0091,AD,login,2026-05-02 17:14:54,10.210.22.82,,login_success,,
EVT00614,ID0270,AD,privilege_change,2026-05-31 02:51:59,10.172.215.162,arn:aws:iam::aws:policy/IAMFullAccess,group_membership_added,privilege_escalation,HIGH
EVT00284,ID0194,Okta,login,2026-05-18 13:08:46,10.114.1.194,\\corp\Finance\Reports,login_success,legitimate_high_priv,
EVT00045,ID0034,Okta,login,2025-09-19 00:00:00,10.20.183.54,,login_success,,
EVT00749,ID0114,AWS,login,2026-06-17 01:03:29,6.164.183.177,,login_success,cross_platform_cascade,MEDIUM
EVT00125,ID0095,AD,login,2025-10-15 00:00:00,10.236.130.118,,login_success,,
EVT00813,ID0019,Okta,login,2026-06-07 02:09:31,93.117.155.181,,login_success,cross_platform_cascade,MEDIUM
EVT00300,ID0206,AD,login,2026-05-11 13:26:02,10.113.74.5,,login_success,,
EVT00241,ID0165,AD,login,2026-05-15 08:31:38,10.240.146.138,,login_success,,
EVT00941,ID0096,AWS,login,2026-06-08 02:06:21,166.220.124.172,,login_success,cross_platform_cascade,MEDIUM
EVT00849,ID0052,Okta,login,2026-06-06 03:00:02,39.196.86.221,,login_success,cross_platform_cascade,MEDIUM
EVT00304,ID0208,Okta,login,2026-05-20 15:11:58,10.30.17.215,cloudtrail:StopLogging,login_success,legitimate_high_priv,
EVT00737,ID0187,AWS,login,2026-06-04 02:38:39,69.10.91.1,,login_success,cross_platform_cascade,MEDIUM
EVT00673,ID0390,AWS,api_call,2026-06-01 04:09:28,85.138.195.222,iam:CreateUser,api_access,token_abuse,CRITICAL
EVT00949,ID0140,AD,login,2025-09-02 00:00:00,222.135.108.180,,login_success,cross_platform_cascade,MEDIUM
EVT00148,ID0112,Okta,login,2026-06-06 16:47:04,10.243.229.200,,login_success,,
EVT00210,ID0151,AD,login,2026-05-17 13:07:51,10.188.223.228,,login_success,,
EVT00630,ID0167,AWS,privilege_change,2026-05-29 02:28:46,10.4.119.24,arn:aws:iam::aws:policy/AdministratorAccess,group_membership_added,privilege_escalation,HIGH
EVT00753,ID0384,Okta,login,2026-05-28 01:58:13,29.6.162.158,,login_success,cross_platform_cascade,MEDIUM
EVT00100,ID0076,AD,login,2026-05-23 16:41:09,10.136.72.19,,login_success,,
EVT00847,ID0052,AD,login,2026-06-06 02:56:02,23.0.191.32,,login_success,cross_platform_cascade,MEDIUM
EVT00624,ID0318,AD,privilege_change,2026-06-11 03:30:34,10.4.251.243,arn:aws:iam::aws:policy/IAMFullAccess,group_membership_added,privilege_escalation,HIGH
EVT00879,ID0183,Okta,login,2026-05-23 03:25:34,167.134.96.118,,login_success,cross_platform_cascade,MEDIUM
EVT00434,ID0296,AWS,login,2025-12-12 00:00:00,10.245.115.42,s3://socgen-finance-reports/,login_success,legitimate_high_priv,
EVT00184,ID0135,Okta,login,2026-05-30 09:05:37,10.72.179.80,iam:AttachUserPolicy,login_success,,
EVT00401,ID0271,AD,login,2026-06-15 12:02:58,10.118.211.180,s3://socgen-finance-reports/,login_success,,
EVT00239,ID0164,Okta,login,2026-02-20 00:00:00,10.255.239.128,secretsmanager:GetSecretValue,login_success,,
EVT00623,ID0053,AWS,privilege_change,2026-06-09 03:26:16,10.79.155.3,GG-Domain-Admins,group_membership_added,privilege_escalation,HIGH
EVT00191,ID0139,Okta,login,2026-05-17 11:15:19,10.240.99.95,s3://socgen-finance-reports/,login_success,,
EVT00268,ID0181,AD,login,2026-03-30 15:16:45,10.95.7.189,,login_success,,
EVT00320,ID0216,AWS,login,2025-09-28 00:00:00,10.182.192.111,\\corp\IT\Scripts,login_success,legitimate_high_priv,
EVT00362,ID0243,Okta,login,2026-03-26 16:52:06,10.69.210.236,,login_success,,
EVT00585,ID0390,AWS,api_call,2026-06-12 01:14:23,10.40.19.186,iam:CreateUser,s3:PutObject,legitimate_high_priv,
EVT00232,ID0161,AD,login,2026-06-18 08:41:49,10.135.107.197,iam:CreateUser,login_success,legitimate_high_priv,
EVT00331,ID0225,AD,login,2026-05-31 13:18:47,10.251.124.84,s3://socgen-prod-data/customer/,login_success,legitimate_high_priv,
EVT00216,ID0154,Okta,login,2025-12-11 00:00:00,10.64.34.61,lambda:socgen-etl-function,login_success,,
EVT00081,ID0062,AWS,login,2025-11-09 15:52:46,10.137.165.219,,login_success,,
EVT00919,ID0194,AD,login,2026-06-05 02:01:04,172.106.87.94,,login_success,cross_platform_cascade,MEDIUM
EVT00437,ID0300,AD,login,2026-06-08 08:21:13,10.97.209.179,,login_success,,
EVT00597,ID0396,AWS,api_call,2026-06-18 03:35:59,10.91.243.81,ec2:i-0a1b2c3d4e5f,s3:GetObject,legitimate_high_priv,
EVT00409,ID0276,AWS,login,2026-06-19 09:25:54,10.231.127.25,s3://socgen-finance-reports/,login_success,legitimate_high_priv,
EVT00110,ID0088,Okta,login,2026-03-30 09:53:09,10.255.149.131,,login_success,,
EVT00357,ID0239,AD,login,2026-04-12 12:52:23,10.21.225.140,,login_success,,
EVT00171,ID0125,AD,login,2026-05-24 10:37:25,10.40.202.223,GPO:Default Domain Policy,login_success,legitimate_high_priv,
EVT00610,ID0177,AWS,privilege_change,2026-06-08 01:06:44,10.83.30.56,GG-Enterprise-Admins,group_membership_added,privilege_escalation,HIGH
EVT00195,ID0141,Okta,login,2026-04-16 15:09:53,10.223.46.243,,login_success,,
EVT00435,ID0297,AD,login,2026-06-18 12:20:16,10.53.37.88,,login_success,,
EVT00649,ID0399,AWS,privilege_change,2026-06-06 01:51:40,10.31.184.143,arn:aws:iam::aws:policy/IAMFullAccess,group_membership_added,privilege_escalation,HIGH
EVT00368,ID0246,Okta,login,2026-06-07 13:27:52,10.108.253.69,GPO:Admin Workstation Policy,login_success,,
EVT00598,ID0396,AWS,api_call,2026-06-15 03:47:43,10.97.255.189,s3://socgen-finance-reports/,s3:GetObject,legitimate_high_priv,
EVT00190,ID0138,AD,login,2025-12-16 14:43:46,10.121.227.157,,login_success,,
EVT00020,ID0016,Okta,login,2026-04-13 09:49:08,10.65.243.243,,login_success,,
EVT00602,ID0398,AWS,api_call,2026-06-08 03:14:48,10.65.27.135,iam:CreateUser,s3:PutObject,legitimate_high_priv,
EVT00001,ID0002,Okta,login,2026-05-23 11:08:47,10.52.44.152,,login_success,,
EVT00018,ID0014,AD,login,2026-05-02 15:59:33,10.0.165.126,\\corp\Finance\Reports,login_success,legitimate_high_priv,
EVT00652,ID0355,AD,privilege_change,2026-05-28 23:06:49,10.183.234.180,arn:aws:iam::aws:policy/IAMFullAccess,group_membership_added,privilege_escalation,HIGH
EVT00129,ID0097,AD,login,2026-05-16 14:00:36,10.25.254.214,,login_success,,
EVT00227,ID0158,AD,login,2026-03-30 13:04:28,10.238.176.33,,login_success,,
EVT00929,ID0358,AWS,login,2026-06-04 01:08:25,131.125.90.177,,login_success,cross_platform_cascade,MEDIUM
EVT00336,ID0228,Okta,login,2026-05-17 13:02:50,10.184.43.28,lambda:socgen-etl-function,login_success,legitimate_high_priv,
EVT00672,ID0392,AWS,api_call,2026-05-27 01:19:10,216.228.82.113,cloudtrail:StopLogging,api_access,token_abuse,CRITICAL
EVT00021,ID0017,AD,login,2026-05-18 12:55:38,10.216.108.238,SAP S4HANA,login_success,,
EVT00065,ID0048,Okta,login,2026-05-16 11:28:04,10.146.120.70,,login_success,,
EVT00607,ID0400,AWS,api_call,2026-06-12 23:28:11,10.67.117.209,s3://socgen-prod-data/customer/,lambda:InvokeFunction,legitimate_high_priv,
EVT00004,ID0005,Okta,login,2026-06-09 09:24:06,10.183.176.155,,login_success,,
EVT00365,ID0245,Okta,login,2026-03-31 09:50:56,10.47.206.132,,login_success,,
EVT00104,ID0081,Okta,api_call,2026-05-14 11:27:40,10.251.46.121,Salesforce,s3:GetObject,,
EVT00400,ID0271,Okta,login,2026-06-14 12:13:33,10.121.214.126,SAP S4HANA,login_success,,
EVT00126,ID0095,Okta,login,2025-10-15 00:00:00,10.80.37.114,,login_success,,
EVT00592,ID0393,AWS,api_call,2026-06-04 01:18:21,10.59.131.225,ec2:i-0a1b2c3d4e5f,lambda:InvokeFunction,legitimate_high_priv,
EVT00853,ID0183,AD,login,2026-06-02 01:48:19,213.23.210.81,,login_success,cross_platform_cascade,MEDIUM
EVT00447,ID0308,AD,login,2026-05-24 10:51:12,10.64.21.109,,login_success,,
EVT00250,ID0170,Okta,login,2026-04-05 08:30:16,10.116.26.150,,login_success,,
EVT00911,ID0136,AWS,login,2026-02-05 00:00:00,214.29.34.94,,login_success,cross_platform_cascade,MEDIUM
EVT00774,ID0379,Okta,login,2025-11-01 00:00:00,68.89.120.132,,login_success,cross_platform_cascade,MEDIUM
EVT00225,ID0157,Okta,login,2026-05-22 12:51:35,10.66.44.17,GPO:Default Domain Policy,login_success,legitimate_high_priv,
EVT00880,ID0259,AD,login,2026-06-16 01:01:30,35.85.94.216,,login_success,cross_platform_cascade,MEDIUM
EVT00539,ID0372,AWS,api_call,2026-06-18 01:03:11,10.128.36.148,s3://socgen-finance-reports/,s3:PutObject,legitimate_high_priv,
EVT00418,ID0286,AWS,login,2026-03-20 12:01:20,10.112.15.230,,login_success,,
EVT00285,ID0194,AWS,login,2026-05-08 14:46:34,10.217.194.211,\\corp\Legal\Contracts,login_success,legitimate_high_priv,
EVT00445,ID0307,Okta,login,2026-03-25 16:55:59,10.243.120.122,,login_success,,
EVT00426,ID0292,Okta,login,2026-05-31 10:46:27,10.249.162.45,,login_success,,
EVT00696,ID0359,AWS,api_call,2026-05-22 04:49:09,136.218.109.97,secretsmanager:GetSecretValue,api_access,token_abuse,CRITICAL
EVT00136,ID0101,AWS,login,2026-06-04 07:34:07,10.232.188.173,rds:socgen-prod-db,login_success,legitimate_high_priv,
EVT00290,ID0199,AD,login,2026-05-13 14:17:03,10.89.218.143,,login_success,,
EVT00569,ID0383,AWS,api_call,2026-06-04 02:25:38,10.9.145.243,s3://socgen-prod-data/customer/,s3:GetObject,,
EVT00330,ID0224,Okta,api_call,2026-04-29 15:52:55,10.69.153.83,iam:CreateUser,s3:GetObject,,
EVT00279,ID0191,Okta,login,2026-05-08 14:51:19,10.11.202.66,cloudtrail:StopLogging,login_success,legitimate_high_priv,
EVT00905,ID0272,AWS,login,2026-06-06 01:21:43,161.98.248.162,,login_success,cross_platform_cascade,MEDIUM
EVT00963,ID0370,Okta,login,2026-05-30 01:56:38,123.137.175.145,,login_success,cross_platform_cascade,MEDIUM
EVT00442,ID0303,AD,login,2025-12-07 13:23:11,10.228.22.68,,login_success,,
EVT00939,ID0241,Okta,login,2026-06-01 01:19:35,194.231.26.135,,login_success,cross_platform_cascade,MEDIUM
EVT00945,ID0121,Okta,login,2026-06-02 03:31:50,215.172.249.189,,login_success,cross_platform_cascade,MEDIUM
EVT00275,ID0186,AWS,login,2025-06-26 14:35:58,10.241.111.196,,login_success,,
EVT00821,ID0221,AWS,login,2026-05-27 01:14:58,91.207.228.131,,login_success,cross_platform_cascade,MEDIUM
EVT00117,ID0092,AWS,login,2026-04-23 18:51:24,10.197.77.127,\\corp\Finance\Reports,login_success,legitimate_high_priv,
EVT00964,ID0224,AD,login,2026-06-05 02:41:42,155.229.138.32,,login_success,cross_platform_cascade,MEDIUM
EVT00918,ID0108,Okta,login,2026-05-22 03:46:21,187.0.15.128,,login_success,cross_platform_cascade,MEDIUM
EVT00410,ID0276,AD,login,2026-05-01 19:08:07,10.6.31.213,lambda:socgen-etl-function,login_success,legitimate_high_priv,
EVT00305,ID0208,AD,login,2026-06-17 17:48:00,10.211.70.216,iam:AttachUserPolicy,login_success,legitimate_high_priv,
EVT00727,ID0122,AD,login,2026-06-19 03:06:36,203.196.78.167,,login_success,cross_platform_cascade,MEDIUM
EVT00596,ID0395,AWS,api_call,2026-05-29 01:53:16,10.127.147.24,iam:CreateUser,lambda:InvokeFunction,,
EVT00323,ID0218,AD,login,2026-05-12 08:28:23,10.138.52.34,,login_success,,
EVT00144,ID0108,AD,login,2026-05-20 13:08:50,10.105.35.213,,login_success,,
EVT00051,ID0040,AWS,login,2026-05-14 09:16:02,10.55.222.89,rds:socgen-prod-db,login_success,,
EVT00923,ID0280,AWS,login,2026-06-09 01:32:29,205.123.47.215,,login_success,cross_platform_cascade,MEDIUM
EVT00770,ID0199,AWS,login,2026-06-08 02:48:36,35.230.186.146,,login_success,cross_platform_cascade,MEDIUM
EVT00440,ID0302,AD,login,2026-06-17 09:13:10,10.149.41.122,,login_success,,
EVT00513,ID0360,AWS,api_call,2026-05-22 01:54:25,10.110.234.212,s3://socgen-finance-reports/,lambda:InvokeFunction,,
EVT00631,ID0010,AWS,privilege_change,2026-06-10 02:26:19,10.255.190.119,GG-Domain-Admins,group_membership_added,privilege_escalation,HIGH
EVT00453,ID0313,Okta,login,2026-03-24 13:15:03,10.243.137.230,,login_success,,
EVT00568,ID0383,AWS,api_call,2026-06-16 02:40:32,10.20.75.15,s3://socgen-finance-reports/,s3:PutObject,,
EVT00899,ID0330,AWS,login,2026-05-22 01:50:48,117.203.133.174,,login_success,cross_platform_cascade,MEDIUM
EVT00805,ID0368,AD,login,2026-05-24 01:50:48,143.248.75.145,,login_success,cross_platform_cascade,MEDIUM
EVT00591,ID0392,AWS,api_call,2026-06-06 02:59:25,10.2.133.45,iam:CreateUser,lambda:InvokeFunction,,
EVT00746,ID0107,AWS,login,2026-06-13 03:47:18,142.186.51.36,,login_success,cross_platform_cascade,MEDIUM
EVT00047,ID0038,Okta,login,2026-05-17 11:10:50,10.55.195.224,,login_success,,
EVT00555,ID0378,AWS,api_call,2026-05-25 01:37:37,10.207.108.233,s3://socgen-prod-data/customer/,lambda:InvokeFunction,,
EVT00023,ID0018,AD,login,2026-06-18 13:37:35,10.117.112.2,,login_success,,
EVT00656,ID0262,AWS,privilege_change,2026-05-28 01:02:18,10.8.69.228,GG-Enterprise-Admins,group_membership_added,privilege_escalation,HIGH
EVT00972,ID0361,Okta,login,2026-05-26 03:04:48,160.4.182.250,,login_success,cross_platform_cascade,MEDIUM
EVT00337,ID0228,AD,login,2026-05-09 17:22:10,10.22.204.248,lambda:socgen-etl-function,login_success,legitimate_high_priv,
EVT00616,ID0373,AWS,privilege_change,2026-05-23 03:28:49,10.185.230.106,arn:aws:iam::aws:policy/AdministratorAccess,group_membership_added,privilege_escalation,HIGH
EVT00767,ID0342,AWS,login,2026-05-27 02:02:07,169.116.123.109,,login_success,cross_platform_cascade,MEDIUM
EVT00529,ID0367,AWS,api_call,2026-06-10 01:29:45,10.79.20.40,ec2:i-0a1b2c3d4e5f,lambda:InvokeFunction,legitimate_high_priv,
EVT00545,ID0374,AWS,api_call,2026-06-17 02:02:00,10.201.43.79,s3://socgen-finance-reports/,lambda:InvokeFunction,legitimate_high_priv,
EVT00933,ID0066,Okta,login,2026-03-07 00:00:00,149.206.32.71,,login_success,cross_platform_cascade,MEDIUM
EVT00495,ID0352,AWS,api_call,2026-06-07 03:47:07,10.48.23.3,s3://socgen-finance-reports/,lambda:InvokeFunction,legitimate_high_priv,
EVT00356,ID0238,Okta,login,2026-04-13 11:18:10,10.234.253.141,,login_success,,
EVT00433,ID0296,AD,login,2025-12-12 00:00:00,10.85.211.127,secretsmanager:GetSecretValue,login_success,legitimate_high_priv,
EVT00482,ID0342,Okta,login,2026-06-07 10:24:32,10.156.85.17,,login_success,,
EVT00873,ID0209,Okta,login,2026-06-10 03:21:09,176.222.5.31,,login_success,cross_platform_cascade,MEDIUM
EVT00924,ID0280,Okta,login,2026-06-09 01:34:29,94.253.28.16,,login_success,cross_platform_cascade,MEDIUM
EVT00627,ID0047,AWS,privilege_change,2026-06-04 02:48:51,10.139.145.167,GG-Enterprise-Admins,group_membership_added,privilege_escalation,HIGH
EVT00940,ID0096,AD,login,2026-06-08 02:04:21,222.42.197.61,,login_success,cross_platform_cascade,MEDIUM
EVT00670,ID0371,AWS,api_call,2026-06-17 01:42:26,122.57.188.12,s3://socgen-prod-data/customer/,api_access,token_abuse,CRITICAL
EVT00062,ID0047,Okta,login,2026-05-22 15:03:35,10.127.62.117,\\corp\IT\Scripts,login_success,legitimate_high_priv,
EVT00003,ID0004,Okta,login,2026-05-03 08:51:10,10.216.174.72,SAP S4HANA,login_success,,
EVT00231,ID0161,AD,login,2026-05-09 09:39:46,10.172.21.212,cloudtrail:StopLogging,login_success,legitimate_high_priv,
EVT00226,ID0157,AWS,login,2026-05-05 18:30:33,10.210.209.211,iam:CreateUser,login_success,legitimate_high_priv,
EVT00571,ID0384,AWS,api_call,2026-06-01 02:42:32,10.135.85.186,ec2:i-0a1b2c3d4e5f,s3:PutObject,,
EVT00817,ID0125,AD,login,2026-06-11 03:11:07,153.148.84.167,,login_success,cross_platform_cascade,MEDIUM
EVT00971,ID0361,AWS,login,2026-05-26 03:02:48,135.107.66.108,,login_success,cross_platform_cascade,MEDIUM
EVT00690,ID0375,AWS,api_call,2026-06-03 01:17:14,141.128.190.43,iam:AttachUserPolicy,api_access,token_abuse,CRITICAL
EVT00454,ID0314,AD,login,2026-01-16 13:19:17,10.251.50.249,,login_success,,
EVT00613,ID0211,AWS,privilege_change,2026-05-27 23:47:28,10.40.195.158,GG-Enterprise-Admins,group_membership_added,privilege_escalation,HIGH
EVT00667,ID0378,AWS,api_call,2026-05-27 02:08:30,208.244.25.77,secretsmanager:GetSecretValue,api_access,token_abuse,CRITICAL
EVT00422,ID0290,AWS,api_call,2026-06-01 17:11:31,10.19.46.15,iam:CreateUser,ec2:DescribeInstances,,
EVT00775,ID0198,AD,login,2026-05-22 02:43:30,192.243.174.234,,login_success,cross_platform_cascade,MEDIUM
EVT00666,ID0386,AWS,api_call,2026-06-12 04:05:25,203.75.32.207,secretsmanager:GetSecretValue,api_access,token_abuse,CRITICAL
EVT00396,ID0267,AD,login,2026-04-15 11:02:25,10.35.238.222,,login_success,,
EVT00322,ID0217,AD,login,2026-03-31 14:09:47,10.199.162.93,,login_success,,
EVT00287,ID0196,AD,login,2026-05-25 11:04:06,10.17.228.154,,login_success,,
EVT00084,ID0066,Okta,login,2026-03-07 00:00:00,10.5.97.22,\\corp\Legal\Contracts,login_success,legitimate_high_priv,
EVT00015,ID0014,AD,login,2026-05-05 17:07:43,10.136.174.29,GPO:Default Domain Policy,login_success,legitimate_high_priv,
EVT00867,ID0095,Okta,login,2025-10-15 00:00:00,183.14.167.41,,login_success,cross_platform_cascade,MEDIUM
EVT00516,ID0362,AWS,api_call,2026-05-28 02:52:08,10.53.198.169,ec2:i-0a1b2c3d4e5f,lambda:InvokeFunction,,
EVT00121,ID0093,Okta,login,2026-04-12 15:02:39,10.35.120.162,,login_success,,
EVT00383,ID0255,AD,login,2026-05-11 13:08:24,10.215.187.140,,login_success,,
EVT00267,ID0181,Okta,login,2026-04-17 10:29:17,10.98.57.85,,login_success,,
EVT00037,ID0029,Okta,login,2026-06-11 13:00:29,10.51.37.138,,login_success,,
EVT00512,ID0360,AWS,api_call,2026-05-25 02:45:47,10.209.54.66,s3://socgen-finance-reports/,s3:GetObject,,
EVT00276,ID0189,AWS,login,2025-09-05 09:07:03,10.103.76.43,,login_success,,
EVT00137,ID0102,Okta,api_call,2026-05-28 19:06:43,10.119.241.7,Salesforce,ec2:DescribeInstances,,
EVT00374,ID0250,AD,login,2026-04-06 10:14:33,10.227.4.3,,login_success,,
EVT00974,ID0090,AWS,login,2026-06-16 03:30:34,151.39.100.159,,login_success,cross_platform_cascade,MEDIUM
EVT00057,ID0043,AD,login,2026-06-02 11:13:27,10.164.238.114,s3://socgen-finance-reports/,login_success,legitimate_high_priv,
EVT00344,ID0232,AD,login,2026-05-29 16:35:10,10.169.218.246,,login_success,,
EVT00134,ID0101,AWS,login,2026-04-26 18:21:51,10.58.239.247,\\corp\HR\Payroll,login_success,legitimate_high_priv,
EVT00527,ID0365,AWS,api_call,2026-05-27 02:46:12,10.150.229.46,s3://socgen-prod-data/customer/,s3:GetObject,,
EVT00802,ID0099,AD,login,2026-06-01 03:24:11,180.189.47.46,,login_success,cross_platform_cascade,MEDIUM
EVT00762,ID0007,Okta,login,2026-06-14 03:48:18,32.241.202.234,,login_success,cross_platform_cascade,MEDIUM
EVT00944,ID0121,AWS,login,2026-06-02 03:29:50,48.239.246.76,,login_success,cross_platform_cascade,MEDIUM
EVT00278,ID0190,Okta,login,2026-04-23 08:08:32,10.212.233.145,,login_success,,
EVT00425,ID0292,AD,login,2026-03-28 13:25:37,10.51.172.78,,login_success,,
EVT00830,ID0285,AWS,login,2026-05-24 03:35:19,220.224.118.198,,login_success,cross_platform_cascade,MEDIUM
EVT00511,ID0360,AWS,api_call,2026-06-03 03:33:23,10.54.23.230,s3://socgen-finance-reports/,s3:PutObject,,
EVT00071,ID0052,Okta,login,2026-04-02 10:34:01,10.201.13.22,,login_success,,
EVT00496,ID0353,AWS,api_call,2026-06-10 02:22:57,10.224.137.225,s3://socgen-prod-data/customer/,s3:PutObject,legitimate_high_priv,
EVT00059,ID0046,AD,login,2026-06-02 11:01:02,10.125.243.157,,login_success,,
EVT00492,ID0351,AWS,api_call,2026-06-20 02:00:42,10.45.56.214,iam:CreateUser,s3:GetObject,,
EVT00646,ID0193,AWS,privilege_change,2026-06-17 03:06:33,10.34.22.214,arn:aws:iam::aws:policy/AdministratorAccess,group_membership_added,privilege_escalation,HIGH
EVT00552,ID0377,AWS,api_call,2026-05-23 03:30:29,10.228.183.199,ec2:i-0a1b2c3d4e5f,s3:PutObject,,
EVT00475,ID0336,Okta,login,2026-04-17 11:07:55,10.195.152.106,,login_success,,
EVT00790,ID0177,AD,login,2026-05-28 03:43:20,212.76.28.225,,login_success,cross_platform_cascade,MEDIUM
EVT00563,ID0381,AWS,api_call,2026-06-09 23:52:55,10.176.249.203,iam:CreateUser,lambda:InvokeFunction,,
EVT00080,ID0060,Okta,login,2026-04-26 09:23:40,10.235.78.112,,login_success,,
EVT00338,ID0228,AWS,login,2026-05-24 19:06:00,10.50.132.57,ec2:i-0a1b2c3d4e5f,login_success,legitimate_high_priv,
EVT00406,ID0274,AWS,login,2026-04-20 14:34:22,10.106.231.79,,login_success,,
EVT00648,ID0400,AWS,privilege_change,2026-06-19 03:23:14,10.36.6.239,arn:aws:iam::aws:policy/AdministratorAccess,group_membership_added,privilege_escalation,HIGH
EVT00151,ID0114,AD,login,2026-05-10 09:38:09,10.33.64.71,,login_success,,
EVT00319,ID0216,AWS,login,2025-09-28 00:00:00,10.203.167.8,iam:AttachUserPolicy,login_success,legitimate_high_priv,
EVT00657,ID0005,AWS,privilege_change,2026-06-14 02:54:20,10.11.141.236,arn:aws:iam::aws:policy/AdministratorAccess,group_membership_added,privilege_escalation,HIGH
EVT00157,ID0117,Okta,login,2026-06-14 13:36:32,10.108.79.169,s3://socgen-finance-reports/,login_success,,
EVT00509,ID0359,AWS,api_call,2026-05-25 03:03:52,10.114.232.85,iam:CreateUser,lambda:InvokeFunction,,
EVT00660,ID0285,AD,privilege_change,2026-05-25 23:57:44,10.48.153.10,arn:aws:iam::aws:policy/IAMFullAccess,group_membership_added,privilege_escalation,HIGH
EVT00013,ID0012,AD,login,2026-04-18 16:05:48,10.24.56.40,,login_success,,
EVT00432,ID0296,AD,login,2025-12-12 00:00:00,10.131.55.185,\\corp\Finance\Reports,login_success,legitimate_high_priv,
EVT00855,ID0183,Okta,login,2026-06-02 01:52:19,164.111.222.6,,login_success,cross_platform_cascade,MEDIUM
EVT00548,ID0375,AWS,api_call,2026-06-12 01:06:12,10.249.169.92,s3://socgen-finance-reports/,lambda:InvokeFunction,legitimate_high_priv,
EVT00576,ID0386,AWS,api_call,2026-06-02 03:51:47,10.50.217.35,ec2:i-0a1b2c3d4e5f,s3:PutObject,legitimate_high_priv,
EVT00934,ID0178,AD,login,2026-06-06 03:25:37,14.5.19.99,,login_success,cross_platform_cascade,MEDIUM
EVT00269,ID0182,Okta,login,2026-03-26 17:48:12,10.89.207.212,,login_success,,
EVT00536,ID0370,AWS,api_call,2026-06-10 02:32:05,10.49.85.249,s3://socgen-prod-data/customer/,lambda:InvokeFunction,,
EVT00005,ID0006,AD,login,2025-09-13 00:00:00,10.193.40.142,GPO:Default Domain Policy,login_success,legitimate_high_priv,
EVT00904,ID0272,AD,login,2026-06-06 01:19:43,145.45.100.125,,login_success,cross_platform_cascade,MEDIUM
EVT00416,ID0285,Okta,login,2026-04-28 10:12:41,10.127.9.254,,login_success,,
EVT00898,ID0330,AD,login,2026-05-22 01:48:48,31.175.187.125,,login_success,cross_platform_cascade,MEDIUM
EVT00926,ID0102,AWS,login,2026-05-27 02:24:38,25.122.217.220,,login_success,cross_platform_cascade,MEDIUM
EVT00202,ID0148,AD,login,2025-12-22 17:15:36,10.213.95.171,,login_success,,
EVT00890,ID0367,AWS,login,2026-05-25 03:46:44,201.128.80.119,,login_success,cross_platform_cascade,MEDIUM
EVT00547,ID0375,AWS,api_call,2026-06-17 02:11:42,10.27.236.166,s3://socgen-prod-data/customer/,s3:PutObject,legitimate_high_priv,
EVT00325,ID0220,Okta,login,2025-10-22 00:00:00,10.166.197.4,,login_success,,
EVT00734,ID0373,AWS,login,2026-06-11 03:29:38,199.0.74.245,,login_success,cross_platform_cascade,MEDIUM
EVT00595,ID0395,AWS,api_call,2026-05-30 02:44:14,10.161.211.245,ec2:i-0a1b2c3d4e5f,lambda:InvokeFunction,,
EVT00156,ID0117,Okta,login,2026-05-25 09:22:55,10.216.26.248,s3://socgen-finance-reports/,login_success,,
EVT00176,ID0129,AD,login,2026-05-17 15:30:28,10.155.140.152,,login_success,,
EVT00297,ID0204,AD,login,2026-05-20 15:44:38,10.104.203.235,,login_success,,
EVT00895,ID0116,AD,login,2026-05-27 03:42:51,195.99.137.98,,login_success,cross_platform_cascade,MEDIUM
EVT00606,ID0400,AWS,api_call,2026-06-09 03:11:31,10.217.107.108,ec2:i-0a1b2c3d4e5f,s3:PutObject,legitimate_high_priv,
EVT00843,ID0318,Okta,login,2026-06-20 01:23:59,178.84.155.222,,login_success,cross_platform_cascade,MEDIUM
EVT00619,ID0320,AD,privilege_change,2026-06-12 01:39:09,10.43.199.80,arn:aws:iam::aws:policy/AdministratorAccess,group_membership_added,privilege_escalation,HIGH
EVT00824,ID0056,AWS,login,2026-06-04 02:03:51,170.194.164.2,,login_success,cross_platform_cascade,MEDIUM
EVT00782,ID0094,AWS,login,2026-06-06 03:59:55,169.18.146.47,,login_success,cross_platform_cascade,MEDIUM
EVT00501,ID0355,AWS,api_call,2026-06-06 23:02:04,10.133.160.4,s3://socgen-finance-reports/,lambda:InvokeFunction,,
EVT00102,ID0079,Okta,login,2026-04-12 16:31:28,10.41.20.228,,login_success,,
EVT00876,ID0168,Okta,login,2026-06-13 03:14:04,157.25.203.54,,login_success,cross_platform_cascade,MEDIUM
EVT00348,ID0234,AD,login,2026-06-06 15:16:42,10.250.160.153,,login_success,,
EVT00399,ID0270,Okta,login,2026-05-22 08:34:22,10.4.171.1,,login_success,,
EVT00823,ID0056,AD,login,2026-06-04 02:01:51,179.179.94.203,,login_success,cross_platform_cascade,MEDIUM
EVT00234,ID0161,Okta,login,2026-06-01 13:29:04,10.30.80.113,s3://socgen-prod-data/customer/,login_success,legitimate_high_priv,
EVT00177,ID0131,AD,login,2026-04-22 12:28:02,10.29.188.213,,login_success,,
EVT00381,ID0254,AD,login,2026-05-25 12:33:38,10.96.200.76,,login_success,,
EVT00621,ID0194,AWS,privilege_change,2026-05-24 23:34:59,10.139.227.35,arn:aws:iam::aws:policy/AdministratorAccess,group_membership_added,privilege_escalation,HIGH
EVT00364,ID0245,AD,login,2026-04-19 14:09:36,10.137.212.97,,login_success,,
EVT00183,ID0134,Okta,login,2026-04-10 09:43:24,10.145.129.186,,login_success,,
EVT00779,ID0279,AWS,login,2026-05-31 01:10:30,148.27.150.166,,login_success,cross_platform_cascade,MEDIUM
EVT00841,ID0318,AD,login,2026-06-20 01:19:59,214.95.69.189,,login_success,cross_platform_cascade,MEDIUM
EVT00538,ID0372,AWS,api_call,2026-05-31 23:52:04,10.78.12.118,ec2:i-0a1b2c3d4e5f,s3:GetObject,legitimate_high_priv,
EVT00303,ID0208,Okta,login,2026-05-04 17:31:29,10.86.180.44,\\corp\IT\Scripts,login_success,legitimate_high_priv,
EVT00733,ID0373,AD,login,2026-06-11 03:27:38,101.82.182.142,,login_success,cross_platform_cascade,MEDIUM
EVT00460,ID0322,Okta,login,2026-04-24 17:11:55,10.242.179.89,,login_success,,
EVT00507,ID0358,AWS,api_call,2026-05-28 23:41:01,10.52.206.106,s3://socgen-prod-data/customer/,lambda:InvokeFunction,legitimate_high_priv,
EVT00220,ID0155,Okta,login,2026-06-04 08:49:16,10.228.109.157,GPO:Default Domain Policy,login_success,,
EVT00833,ID0195,AWS,login,2026-05-27 01:57:06,203.21.145.161,,login_success,cross_platform_cascade,MEDIUM
EVT00800,ID0018,AWS,login,2026-06-08 02:42:34,210.104.101.204,,login_success,cross_platform_cascade,MEDIUM
EVT00834,ID0195,Okta,login,2026-05-27 01:59:06,207.63.164.86,,login_success,cross_platform_cascade,MEDIUM
EVT00421,ID0288,Okta,login,2026-06-05 11:37:20,10.183.14.181,Salesforce,ec2:DescribeInstances,,
EVT00252,ID0171,AD,login,2026-04-08 08:44:07,10.97.9.113,,login_success,,
EVT00739,ID0211,AD,login,2026-06-01 01:36:31,194.131.121.13,,login_success,cross_platform_cascade,MEDIUM
EVT00248,ID0169,Okta,login,2026-05-01 10:39:47,10.153.172.130,,login_success,,
EVT00751,ID0384,AD,login,2026-05-28 01:54:13,212.59.230.13,,login_success,cross_platform_cascade,MEDIUM
EVT00380,ID0253,AWS,login,2026-02-14 10:17:41,10.43.127.142,,login_success,,
EVT00575,ID0386,AWS,api_call,2026-05-24 03:02:44,10.219.117.241,iam:CreateUser,s3:PutObject,legitimate_high_priv,
EVT00886,ID0249,AD,login,2026-06-15 02:45:38,187.205.253.64,,login_success,cross_platform_cascade,MEDIUM
EVT00735,ID0373,Okta,login,2026-06-11 03:31:38,208.159.141.176,,login_success,cross_platform_cascade,MEDIUM
EVT00474,ID0335,AWS,login,2025-08-25 12:18:29,10.60.240.14,,login_success,,
EVT00835,ID0312,AD,login,2025-10-07 00:00:00,193.155.149.127,,login_success,cross_platform_cascade,MEDIUM
EVT00272,ID0183,AWS,login,2026-06-01 12:37:46,10.5.133.168,GPO:Admin Workstation Policy,login_success,legitimate_high_priv,
EVT00379,ID0252,AD,login,2026-06-05 10:37:46,10.196.179.247,,login_success,,
EVT00893,ID0260,AWS,login,2026-06-09 03:21:21,51.77.33.113,,login_success,cross_platform_cascade,MEDIUM
EVT00349,ID0235,Okta,login,2026-06-13 17:22:22,10.234.88.209,s3://socgen-finance-reports/,login_success,,
EVT00113,ID0090,AWS,login,2026-04-22 12:50:32,10.136.1.73,rds:socgen-prod-db,login_success,,
EVT00208,ID0150,AD,login,2026-05-26 08:56:02,10.161.158.132,,login_success,,
EVT00848,ID0052,AWS,login,2026-06-06 02:58:02,30.221.151.186,,login_success,cross_platform_cascade,MEDIUM
EVT00604,ID0399,AWS,api_call,2026-06-10 23:44:00,10.6.107.98,s3://socgen-prod-data/customer/,s3:PutObject,legitimate_high_priv,
EVT00143,ID0106,Okta,login,2026-06-05 11:54:52,10.232.46.170,,login_success,,
EVT00603,ID0399,AWS,api_call,2026-06-04 01:22:25,10.89.234.250,s3://socgen-prod-data/customer/,lambda:InvokeFunction,legitimate_high_priv,
EVT00058,ID0044,Okta,login,2026-03-28 10:05:18,10.171.47.210,,login_success,,
EVT00366,ID0246,AWS,login,2026-04-22 18:56:23,10.232.249.84,iam:CreateUser,login_success,,
EVT00468,ID0330,AD,login,2026-04-15 10:48:15,10.29.206.170,,login_success,,
EVT00118,ID0092,AD,login,2026-05-14 15:21:55,10.51.225.26,ec2:i-0a1b2c3d4e5f,login_success,legitimate_high_priv,
EVT00448,ID0308,AD,login,2026-05-26 14:52:40,10.75.132.82,,login_success,,
EVT00969,ID0037,Okta,login,2026-06-14 01:56:08,188.208.129.60,,login_success,cross_platform_cascade,MEDIUM
EVT00052,ID0041,Okta,login,2026-04-16 17:07:24,10.97.130.12,,login_success,,
EVT00371,ID0248,Okta,login,2026-06-20 15:27:12,10.67.154.41,,login_success,,
EVT00936,ID0178,Okta,login,2026-06-06 03:29:37,131.110.84.192,,login_success,cross_platform_cascade,MEDIUM
EVT00063,ID0047,AWS,login,2026-05-18 17:35:38,10.162.226.157,cloudtrail:StopLogging,login_success,legitimate_high_priv,
EVT00114,ID0090,AWS,login,2026-05-14 16:42:31,10.76.228.138,s3://socgen-finance-reports/,login_success,,
EVT00031,ID0025,Okta,login,2026-04-24 15:03:10,10.194.1.253,Workday,s3:GetObject,,
EVT00010,ID0010,AD,login,2026-05-11 08:25:17,10.33.108.234,,login_success,,
EVT00199,ID0146,AD,login,2026-05-19 08:13:53,10.76.216.29,,login_success,,
EVT00165,ID0123,AWS,login,2026-06-17 16:00:13,10.154.108.197,\\corp\IT\Scripts,login_success,legitimate_high_priv,
EVT00862,ID0257,AD,login,2026-06-17 03:17:09,157.209.180.46,,login_success,cross_platform_cascade,MEDIUM
EVT00308,ID0210,AD,login,2026-04-14 08:46:17,10.146.8.129,,login_success,,
EVT00206,ID0149,AWS,login,2026-02-26 00:00:00,10.89.237.252,rds:socgen-prod-db,login_success,legitimate_high_priv,
EVT00564,ID0381,AWS,api_call,2026-06-04 01:56:08,10.225.84.59,s3://socgen-prod-data/customer/,lambda:InvokeFunction,,
EVT00219,ID0155,Okta,login,2026-06-05 11:07:01,10.95.255.133,s3://socgen-prod-data/customer/,login_success,,
EVT00209,ID0151,Okta,login,2026-06-16 12:48:41,10.97.146.92,,login_success,,
EVT00836,ID0312,AWS,login,2025-10-07 00:00:00,148.159.187.62,,login_success,cross_platform_cascade,MEDIUM
EVT00458,ID0320,AD,login,2026-04-23 08:03:58,10.184.101.71,,login_success,,
EVT00678,ID0398,AWS,api_call,2026-06-14 02:34:33,206.228.160.231,cloudtrail:StopLogging,api_access,token_abuse,CRITICAL
EVT00256,ID0173,Okta,login,2026-04-20 17:12:15,10.142.152.58,,login_success,,
EVT00766,ID0342,AD,login,2026-05-27 02:00:07,100.227.242.174,,login_success,cross_platform_cascade,MEDIUM
EVT00090,ID0069,AWS,login,2025-12-21 00:00:00,10.144.51.214,\\corp\Legal\Contracts,login_success,,
EVT00577,ID0387,AWS,api_call,2026-06-11 01:38:56,10.209.131.49,s3://socgen-prod-data/customer/,lambda:InvokeFunction,legitimate_high_priv,
EVT00462,ID0323,AD,login,2026-03-30 11:14:43,10.105.137.167,,login_success,,
EVT00756,ID0379,Okta,login,2025-11-01 00:00:00,211.38.61.61,,login_success,cross_platform_cascade,MEDIUM
EVT00096,ID0073,Okta,login,2026-04-09 12:39:03,10.50.106.161,,login_success,,
EVT00025,ID0022,AD,login,2026-02-07 00:00:00,10.242.124.201,,login_success,,
EVT00211,ID0152,Okta,api_call,2026-06-09 14:31:44,10.254.188.237,iam:AttachUserPolicy,login_success,,
EVT00544,ID0374,AWS,api_call,2026-05-26 23:51:54,10.151.73.77,ec2:i-0a1b2c3d4e5f,s3:GetObject,legitimate_high_priv,
EVT00877,ID0183,AD,login,2026-05-23 03:21:34,152.67.154.153,,login_success,cross_platform_cascade,MEDIUM
EVT00024,ID0021,AD,login,2026-05-09 08:04:32,10.121.142.172,,login_success,,
EVT00438,ID0300,Okta,login,2026-05-13 12:15:06,10.25.201.147,,login_success,,
EVT00956,ID0270,AWS,login,2026-06-03 02:08:52,147.118.58.225,,login_success,cross_platform_cascade,MEDIUM
EVT00294,ID0202,AWS,login,2026-05-30 10:41:05,10.230.189.24,ec2:i-0a1b2c3d4e5f,login_success,legitimate_high_priv,
EVT00961,ID0370,AD,login,2026-05-30 01:52:38,65.83.228.191,,login_success,cross_platform_cascade,MEDIUM
EVT00159,ID0119,AWS,api_call,2026-06-09 09:17:44,10.158.173.90,s3://socgen-prod-data/customer/,login_success,,
EVT00167,ID0124,Okta,login,2026-06-06 18:32:35,10.181.36.102,cloudtrail:StopLogging,login_success,,
EVT00086,ID0066,AWS,login,2026-03-07 00:00:00,10.150.113.104,rds:socgen-prod-db,login_success,legitimate_high_priv,
EVT00581,ID0389,AWS,api_call,2026-06-15 23:23:35,10.247.129.254,ec2:i-0a1b2c3d4e5f,lambda:InvokeFunction,legitimate_high_priv,
EVT00360,ID0242,AD,login,2026-04-10 17:50:13,10.105.30.146,,login_success,,
EVT00309,ID0210,Okta,login,2026-06-07 10:58:06,10.76.123.50,,login_success,,
EVT00698,ID0362,AWS,api_call,2026-05-25 03:56:09,74.61.37.32,iam:CreateUser,api_access,token_abuse,CRITICAL
EVT00264,ID0179,Okta,api_call,2026-06-17 19:58:49,10.45.118.137,s3://socgen-prod-data/customer/,login_success,,
EVT00907,ID0393,AD,login,2025-09-04 00:00:00,188.32.174.45,,login_success,cross_platform_cascade,MEDIUM
EVT00550,ID0376,AWS,api_call,2026-06-01 03:42:19,10.78.186.207,ec2:i-0a1b2c3d4e5f,s3:PutObject,,
EVT00871,ID0209,AD,login,2026-06-10 03:17:09,222.244.220.47,,login_success,cross_platform_cascade,MEDIUM
EVT00329,ID0224,Okta,login,2026-06-14 16:08:19,10.3.202.86,Workday,s3:GetObject,,
EVT00546,ID0374,AWS,api_call,2026-06-14 03:26:57,10.72.82.48,s3://socgen-finance-reports/,lambda:InvokeFunction,legitimate_high_priv,
EVT00653,ID0065,AD,privilege_change,2026-06-03 02:25:32,10.172.80.137,arn:aws:iam::aws:policy/IAMFullAccess,group_membership_added,privilege_escalation,HIGH
EVT00866,ID0095,AWS,login,2025-10-15 00:00:00,152.245.138.142,,login_success,cross_platform_cascade,MEDIUM
EVT00636,ID0390,AWS,privilege_change,2026-06-09 02:56:03,10.111.57.61,arn:aws:iam::aws:policy/IAMFullAccess,group_membership_added,privilege_escalation,HIGH
EVT00497,ID0353,AWS,api_call,2026-06-15 03:07:25,10.204.233.70,iam:CreateUser,lambda:InvokeFunction,legitimate_high_priv,
EVT00361,ID0243,Okta,login,2026-04-13 17:10:20,10.149.148.147,,login_success,,
EVT00043,ID0032,Okta,login,2026-03-31 10:16:10,10.226.218.144,,login_success,,
EVT00769,ID0199,AD,login,2026-06-08 02:46:36,77.238.207.187,,login_success,cross_platform_cascade,MEDIUM
EVT00786,ID0332,Okta,login,2026-06-06 02:54:52,101.80.196.49,,login_success,cross_platform_cascade,MEDIUM
EVT00915,ID0379,Okta,login,2025-11-01 00:00:00,161.125.37.130,,login_success,cross_platform_cascade,MEDIUM
EVT00695,ID0385,AWS,api_call,2026-05-24 02:08:19,207.49.248.228,secretsmanager:GetSecretValue,api_access,token_abuse,CRITICAL
EVT00664,ID0365,AWS,api_call,2026-06-11 04:50:25,216.205.10.74,iam:AttachUserPolicy,api_access,token_abuse,CRITICAL
EVT00822,ID0221,Okta,login,2026-05-27 01:16:58,186.9.165.3,,login_success,cross_platform_cascade,MEDIUM
EVT00687,ID0370,AWS,api_call,2026-06-05 03:25:47,202.112.113.102,iam:AttachUserPolicy,api_access,token_abuse,CRITICAL
EVT00797,ID0198,AWS,login,2026-06-18 02:11:17,72.95.89.104,,login_success,cross_platform_cascade,MEDIUM
EVT00233,ID0161,AWS,login,2026-05-11 16:01:31,10.148.154.124,\\corp\Legal\Contracts,login_success,legitimate_high_priv,
EVT00881,ID0259,AWS,login,2026-06-16 01:03:30,132.100.62.78,,login_success,cross_platform_cascade,MEDIUM
EVT00222,ID0156,Okta,login,2026-03-25 09:54:20,10.177.33.141,,login_success,,
EVT00771,ID0199,Okta,login,2026-06-08 02:50:36,209.154.196.24,,login_success,cross_platform_cascade,MEDIUM
EVT00060,ID0046,AD,login,2026-04-28 15:56:40,10.99.196.127,,login_success,,
EVT00085,ID0066,Okta,login,2026-03-07 00:00:00,10.123.243.166,rds:socgen-prod-db,login_success,legitimate_high_priv,
EVT00622,ID0366,AWS,privilege_change,2026-06-04 23:40:40,10.158.177.124,arn:aws:iam::aws:policy/AdministratorAccess,group_membership_added,privilege_escalation,HIGH
EVT00246,ID0168,Okta,login,2026-05-19 13:02:02,10.19.70.183,GPO:Admin Workstation Policy,login_success,legitimate_high_priv,
EVT00909,ID0393,Okta,login,2025-09-04 00:00:00,125.107.87.60,,login_success,cross_platform_cascade,MEDIUM
EVT00663,ID0195,AD,privilege_change,2026-06-19 02:43:46,10.201.228.193,GG-Domain-Admins,group_membership_added,privilege_escalation,HIGH
EVT00675,ID0358,AWS,api_call,2026-06-13 01:39:59,164.59.122.58,iam:AttachUserPolicy,api_access,token_abuse,CRITICAL
EVT00412,ID0280,AD,login,2026-05-26 09:57:41,10.227.65.24,,login_success,,
EVT00244,ID0167,Okta,login,2026-04-24 16:48:35,10.143.60.33,,login_success,,
EVT00684,ID0365,AWS,api_call,2026-06-04 04:45:06,210.72.237.234,cloudtrail:StopLogging,api_access,token_abuse,CRITICAL
EVT00289,ID0198,Okta,login,2026-04-08 11:20:36,10.164.121.78,,login_success,,
EVT00166,ID0123,AWS,login,2026-05-31 11:07:00,10.254.220.45,\\corp\IT\Scripts,login_success,legitimate_high_priv,
EVT00812,ID0019,AWS,login,2026-06-07 02:07:31,167.135.242.66,,login_success,cross_platform_cascade,MEDIUM
EVT00340,ID0229,AD,login,2026-06-17 13:30:06,10.151.212.236,,login_success,,
EVT00347,ID0234,AD,login,2026-06-07 17:51:55,10.95.187.84,,login_success,,
EVT00186,ID0135,Okta,login,2026-05-30 19:52:08,10.47.216.131,GPO:Admin Workstation Policy,login_success,,
EVT00205,ID0149,AWS,login,2026-02-26 00:00:00,10.53.170.35,\\corp\Finance\Reports,login_success,legitimate_high_priv,
EVT00745,ID0107,AD,login,2026-06-13 03:45:18,68.25.0.23,,login_success,cross_platform_cascade,MEDIUM
EVT00484,ID0344,Okta,login,2026-05-27 13:10:58,10.206.9.59,,login_success,,
EVT00164,ID0122,Okta,login,2026-05-15 09:43:43,10.249.157.12,,login_success,,
EVT00885,ID0029,Okta,login,2026-06-08 01:07:05,182.249.144.199,,login_success,cross_platform_cascade,MEDIUM
EVT00815,ID0141,AWS,login,2026-06-06 02:55:19,76.92.61.13,,login_success,cross_platform_cascade,MEDIUM
EVT00872,ID0209,AWS,login,2026-06-10 03:19:09,8.27.157.23,,login_success,cross_platform_cascade,MEDIUM
EVT00500,ID0355,AWS,api_call,2026-05-24 01:43:56,10.66.247.236,iam:CreateUser,s3:GetObject,,
EVT00794,ID0348,AWS,login,2026-06-20 03:15:36,48.229.28.185,,login_success,cross_platform_cascade,MEDIUM
EVT00965,ID0224,AWS,login,2026-06-05 02:43:42,193.46.183.83,,login_success,cross_platform_cascade,MEDIUM
EVT00642,ID0350,AWS,privilege_change,2026-06-14 23:36:11,10.178.165.188,arn:aws:iam::aws:policy/IAMFullAccess,group_membership_added,privilege_escalation,HIGH
EVT00922,ID0280,AD,login,2026-06-09 01:30:29,211.211.100.119,,login_success,cross_platform_cascade,MEDIUM
EVT00792,ID0177,Okta,login,2026-05-28 03:47:20,206.45.196.230,,login_success,cross_platform_cascade,MEDIUM
EVT00803,ID0099,AWS,login,2026-06-01 03:26:11,147.186.129.57,,login_success,cross_platform_cascade,MEDIUM
EVT00321,ID0217,AD,login,2026-05-14 17:51:15,10.37.42.69,,login_success,,
EVT00850,ID0061,AD,login,2026-05-27 03:42:47,157.188.182.255,,login_success,cross_platform_cascade,MEDIUM
EVT00262,ID0178,AD,login,2026-05-30 13:45:30,10.51.70.2,ec2:i-0a1b2c3d4e5f,login_success,,
EVT00808,ID0181,AD,login,2026-05-24 03:20:45,8.181.77.55,,login_success,cross_platform_cascade,MEDIUM
EVT00917,ID0108,AWS,login,2026-05-22 03:44:21,187.207.3.250,,login_success,cross_platform_cascade,MEDIUM
EVT00793,ID0348,AD,login,2026-06-20 03:13:36,186.248.224.21,,login_success,cross_platform_cascade,MEDIUM
EVT00542,ID0373,AWS,api_call,2026-06-11 01:50:43,10.154.44.73,iam:CreateUser,s3:PutObject,legitimate_high_priv,
EVT00187,ID0135,AD,login,2026-06-01 12:11:13,10.174.248.50,\\corp\Legal\Contracts,login_success,,
EVT00691,ID0372,AWS,api_call,2026-05-30 04:08:05,197.66.58.235,s3://socgen-prod-data/customer/,api_access,token_abuse,CRITICAL
EVT00521,ID0363,AWS,api_call,2026-06-02 23:36:42,10.213.146.225,iam:CreateUser,s3:GetObject,legitimate_high_priv,
EVT00589,ID0392,AWS,api_call,2026-06-08 23:37:12,10.7.35.236,s3://socgen-prod-data/customer/,lambda:InvokeFunction,,
EVT00196,ID0143,Okta,login,2026-04-28 08:03:25,10.191.120.99,,login_success,,
EVT00560,ID0380,AWS,api_call,2026-06-19 02:42:13,10.184.198.121,iam:CreateUser,s3:GetObject,legitimate_high_priv,
EVT00282,ID0194,Okta,login,2026-05-25 17:23:57,10.195.229.223,secretsmanager:GetSecretValue,login_success,legitimate_high_priv,
EVT00392,ID0263,Okta,login,2026-04-08 09:43:46,10.59.116.190,,login_success,,
EVT00162,ID0121,AWS,login,2026-06-10 11:48:39,10.25.41.70,GitHub Enterprise,ec2:DescribeInstances,,
EVT00799,ID0018,AD,login,2026-06-08 02:40:34,221.175.156.121,,login_success,cross_platform_cascade,MEDIUM
EVT00261,ID0176,AD,login,2026-04-06 17:15:15,10.25.115.164,,login_success,,
EVT00820,ID0221,AD,login,2026-05-27 01:12:58,48.253.102.161,,login_success,cross_platform_cascade,MEDIUM
EVT00832,ID0195,AD,login,2026-05-27 01:55:06,118.16.250.163,,login_success,cross_platform_cascade,MEDIUM
EVT00056,ID0043,Okta,login,2026-05-08 13:47:57,10.89.154.104,ec2:i-0a1b2c3d4e5f,login_success,legitimate_high_priv,
EVT00758,ID0209,AWS,login,2026-05-26 03:42:13,76.44.97.251,,login_success,cross_platform_cascade,MEDIUM
EVT00204,ID0149,AD,login,2026-02-26 00:00:00,10.8.182.202,\\corp\HR\Payroll,login_success,legitimate_high_priv,
EVT00034,ID0027,Okta,login,2026-04-14 16:10:03,10.41.95.18,,login_success,,
EVT00343,ID0231,Okta,login,2026-06-06 08:01:54,10.175.55.174,,login_success,,
EVT00489,ID0349,Okta,login,2026-04-16 09:46:39,10.60.144.30,,login_success,,
EVT00882,ID0259,Okta,login,2026-06-16 01:05:30,208.254.50.159,,login_success,cross_platform_cascade,MEDIUM
EVT00680,ID0375,AWS,api_call,2026-06-12 01:10:03,50.133.85.19,cloudtrail:StopLogging,api_access,token_abuse,CRITICAL
EVT00809,ID0181,AWS,login,2026-05-24 03:22:45,149.66.134.209,,login_success,cross_platform_cascade,MEDIUM
EVT00744,ID0316,Okta,login,2026-05-31 03:35:31,171.206.82.98,,login_success,cross_platform_cascade,MEDIUM
EVT00109,ID0087,AD,login,2026-05-12 10:35:00,10.208.47.58,,login_success,,
EVT00373,ID0249,Okta,login,2026-04-27 11:41:05,10.48.0.55,,login_success,,
EVT00019,ID0016,Okta,login,2026-06-13 11:15:56,10.40.43.188,,login_success,,
EVT00376,ID0251,AD,login,2026-06-07 09:20:23,10.153.70.98,,login_success,,
EVT00957,ID0270,Okta,login,2026-06-03 02:10:52,216.182.61.164,,login_success,cross_platform_cascade,MEDIUM
EVT00827,ID0285,AWS,login,2026-06-16 03:14:21,149.33.255.83,,login_success,cross_platform_cascade,MEDIUM
EVT00671,ID0374,AWS,api_call,2026-06-14 03:20:22,42.55.219.177,secretsmanager:GetSecretValue,api_access,token_abuse,CRITICAL
EVT00152,ID0114,Okta,login,2026-04-05 14:33:18,10.232.220.26,,login_success,,
EVT00130,ID0097,Okta,login,2026-04-04 11:51:22,10.112.97.159,,login_success,,
EVT00608,ID0400,AWS,api_call,2026-05-26 03:15:35,10.221.195.51,s3://socgen-finance-reports/,lambda:InvokeFunction,legitimate_high_priv,
EVT00927,ID0102,Okta,login,2026-05-27 02:26:38,103.53.133.162,,login_success,cross_platform_cascade,MEDIUM
EVT00951,ID0140,Okta,login,2025-09-02 00:00:00,205.149.34.61,,login_success,cross_platform_cascade,MEDIUM
EVT00973,ID0090,AD,login,2026-06-16 03:28:34,192.157.145.5,,login_success,cross_platform_cascade,MEDIUM
EVT00070,ID0051,Okta,login,2026-04-19 14:01:24,10.172.207.186,,login_success,,
EVT00334,ID0226,Okta,login,2026-06-03 15:40:19,10.123.129.169,,login_success,,
EVT00457,ID0318,AD,login,2026-04-17 12:25:08,10.14.88.50,,login_success,,
EVT00296,ID0204,AD,login,2026-05-13 13:58:00,10.108.97.247,,login_success,,
EVT00574,ID0385,AWS,api_call,2026-06-18 01:30:42,10.66.0.230,iam:CreateUser,lambda:InvokeFunction,legitimate_high_priv,
EVT00912,ID0136,Okta,login,2026-02-05 00:00:00,90.2.235.24,,login_success,cross_platform_cascade,MEDIUM
EVT00605,ID0399,AWS,api_call,2026-06-01 03:55:16,10.95.134.61,ec2:i-0a1b2c3d4e5f,s3:PutObject,legitimate_high_priv,
EVT00908,ID0393,AWS,login,2025-09-04 00:00:00,148.205.8.57,,login_success,cross_platform_cascade,MEDIUM
EVT00549,ID0376,AWS,api_call,2026-06-17 02:18:39,10.35.99.82,iam:CreateUser,s3:PutObject,,
EVT00493,ID0351,AWS,api_call,2026-05-27 01:32:04,10.51.131.165,s3://socgen-finance-reports/,s3:PutObject,,
EVT00128,ID0096,Okta,login,2026-05-21 09:24:36,10.183.151.180,,login_success,,
EVT00133,ID0100,AD,login,2026-05-05 16:33:32,10.139.84.66,,login_success,,
EVT00573,ID0385,AWS,api_call,2026-05-25 23:09:38,10.49.90.122,s3://socgen-prod-data/customer/,lambda:InvokeFunction,legitimate_high_priv,
EVT00215,ID0154,AWS,login,2025-12-11 00:00:00,10.81.15.37,cloudtrail:StopLogging,login_success,,
EVT00140,ID0104,Okta,login,2026-06-01 17:56:26,10.50.250.158,,login_success,,
EVT00155,ID0116,AWS,login,2026-06-15 10:27:06,10.190.66.143,s3://socgen-prod-data/customer/,ec2:DescribeInstances,,
EVT00038,ID0029,AD,login,2026-05-18 16:08:59,10.178.35.226,,login_success,,
EVT00229,ID0159,AWS,login,2026-04-22 14:45:14,10.177.145.217,s3://socgen-finance-reports/,s3:GetObject,,
EVT00754,ID0379,AD,login,2025-11-01 00:00:00,91.150.87.180,,login_success,cross_platform_cascade,MEDIUM
EVT00583,ID0389,AWS,api_call,2026-06-17 02:13:32,10.205.173.206,s3://socgen-prod-data/customer/,s3:GetObject,legitimate_high_priv,
EVT00240,ID0164,AWS,login,2026-02-20 00:00:00,10.234.123.56,iam:CreateUser,login_success,,
EVT00760,ID0007,AD,login,2026-06-14 03:44:18,107.255.53.11,,login_success,cross_platform_cascade,MEDIUM
EVT00846,ID0026,Okta,login,2026-05-24 03:42:55,128.90.216.161,,login_success,cross_platform_cascade,MEDIUM
EVT00884,ID0029,AWS,login,2026-06-08 01:05:05,212.10.0.146,,login_success,cross_platform_cascade,MEDIUM
EVT00526,ID0365,AWS,api_call,2026-06-14 03:39:55,10.226.115.234,ec2:i-0a1b2c3d4e5f,lambda:InvokeFunction,,
EVT00736,ID0187,AD,login,2026-06-04 02:36:39,3.58.228.251,,login_success,cross_platform_cascade,MEDIUM
EVT00750,ID0114,Okta,login,2026-06-17 01:05:29,49.210.146.78,,login_success,cross_platform_cascade,MEDIUM
EVT00900,ID0330,Okta,login,2026-05-22 01:52:48,197.214.197.233,,login_success,cross_platform_cascade,MEDIUM
EVT00788,ID0241,AWS,login,2026-06-19 03:55:33,198.130.0.177,,login_success,cross_platform_cascade,MEDIUM
EVT00930,ID0358,Okta,login,2026-06-04 01:10:25,212.10.123.72,,login_success,cross_platform_cascade,MEDIUM
EVT00311,ID0211,AD,login,2026-05-13 11:43:52,10.41.16.24,,login_success,,
EVT00861,ID0169,Okta,login,2026-06-03 02:24:49,221.70.153.10,,login_success,cross_platform_cascade,MEDIUM
EVT00647,ID0106,AD,privilege_change,2026-06-17 02:31:12,10.50.16.147,arn:aws:iam::aws:policy/IAMFullAccess,group_membership_added,privilege_escalation,HIGH
EVT00198,ID0145,AD,login,2025-12-17 00:00:00,10.71.240.115,,login_success,,
EVT00856,ID0391,AD,login,2026-06-10 01:12:12,215.167.230.243,,login_success,cross_platform_cascade,MEDIUM
EVT00182,ID0134,Okta,login,2026-05-08 14:43:38,10.26.171.17,,login_success,,
EVT00628,ID0241,AD,privilege_change,2026-06-15 01:08:18,10.56.233.159,arn:aws:iam::aws:policy/IAMFullAccess,group_membership_added,privilege_escalation,HIGH
EVT00543,ID0373,AWS,api_call,2026-05-25 23:42:01,10.242.80.137,s3://socgen-finance-reports/,s3:GetObject,legitimate_high_priv,
EVT00556,ID0378,AWS,api_call,2026-06-03 03:57:34,10.241.76.94,iam:CreateUser,s3:GetObject,,
EVT00910,ID0136,AD,login,2026-02-05 00:00:00,145.174.98.100,,login_success,cross_platform_cascade,MEDIUM
EVT00764,ID0152,AWS,login,2026-06-11 01:21:32,119.179.164.227,,login_success,cross_platform_cascade,MEDIUM
EVT00257,ID0174,Okta,login,2026-03-24 11:45:31,10.162.245.90,,login_success,,
EVT00517,ID0362,AWS,api_call,2026-06-07 23:38:58,10.127.140.102,ec2:i-0a1b2c3d4e5f,s3:PutObject,,
EVT00931,ID0066,AD,login,2026-03-07 00:00:00,192.159.106.142,,login_success,cross_platform_cascade,MEDIUM
EVT00586,ID0391,AWS,api_call,2026-05-29 03:38:03,10.89.253.113,s3://socgen-prod-data/customer/,s3:GetObject,,
EVT00335,ID0227,Okta,login,2026-06-11 14:28:38,10.245.205.137,,login_success,,
EVT00741,ID0211,Okta,login,2026-06-01 01:40:31,189.138.88.147,,login_success,cross_platform_cascade,MEDIUM
EVT00139,ID0103,Okta,login,2026-06-06 15:06:15,10.69.198.117,,login_success,,
EVT00490,ID0350,Okta,login,2026-04-04 11:12:49,10.134.103.92,,login_success,,
EVT00891,ID0367,Okta,login,2026-05-25 03:48:44,174.203.22.246,,login_success,cross_platform_cascade,MEDIUM
EVT00938,ID0241,AWS,login,2026-06-01 01:17:35,11.60.165.174,,login_success,cross_platform_cascade,MEDIUM
EVT00395,ID0266,Okta,login,2026-05-17 13:52:04,10.190.61.129,,login_success,,
EVT00251,ID0171,AD,login,2026-04-01 16:46:39,10.194.75.211,,login_success,,
EVT00486,ID0346,AWS,login,2025-08-05 16:03:38,10.24.55.168,,login_success,,
EVT00098,ID0075,AWS,login,2025-10-23 17:18:02,10.118.147.181,,login_success,,
EVT00883,ID0029,AD,login,2026-06-08 01:03:05,65.77.231.253,,login_success,cross_platform_cascade,MEDIUM
EVT00761,ID0007,AWS,login,2026-06-14 03:46:18,113.145.8.190,,login_success,cross_platform_cascade,MEDIUM
EVT00423,ID0290,AWS,login,2026-05-21 17:00:21,10.103.66.88,ec2:i-0a1b2c3d4e5f,s3:GetObject,,
EVT00469,ID0330,Okta,login,2026-06-17 10:41:31,10.151.132.233,,login_success,,
EVT00658,ID0057,AD,privilege_change,2026-06-09 23:09:08,10.135.187.228,arn:aws:iam::aws:policy/AdministratorAccess,group_membership_added,privilege_escalation,HIGH
EVT00948,ID0254,Okta,login,2026-05-26 03:25:34,146.112.79.121,,login_success,cross_platform_cascade,MEDIUM
EVT00960,ID0259,Okta,login,2026-06-11 01:29:04,216.3.3.141,,login_success,cross_platform_cascade,MEDIUM
EVT00878,ID0183,AWS,login,2026-05-23 03:23:34,166.190.186.195,,login_success,cross_platform_cascade,MEDIUM
EVT00865,ID0095,AD,login,2025-10-15 00:00:00,208.48.76.248,,login_success,cross_platform_cascade,MEDIUM
EVT00829,ID0285,AD,login,2026-05-24 03:33:19,197.60.181.30,,login_success,cross_platform_cascade,MEDIUM
EVT00874,ID0168,AD,login,2026-06-13 03:10:04,40.175.76.226,,login_success,cross_platform_cascade,MEDIUM
EVT00946,ID0254,AD,login,2026-05-26 03:21:34,42.4.161.102,,login_success,cross_platform_cascade,MEDIUM
EVT00845,ID0026,AWS,login,2026-05-24 03:40:55,202.253.31.1,,login_success,cross_platform_cascade,MEDIUM
EVT00668,ID0363,AWS,api_call,2026-06-08 04:41:36,65.178.195.236,iam:AttachUserPolicy,api_access,token_abuse,CRITICAL
EVT00729,ID0122,Okta,login,2026-06-19 03:10:36,128.53.43.214,,login_success,cross_platform_cascade,MEDIUM
EVT00428,ID0293,AD,login,2026-06-01 13:46:44,10.150.65.46,rds:socgen-prod-db,login_success,legitimate_high_priv,
EVT00558,ID0379,AWS,api_call,2026-05-27 02:32:08,10.228.81.46,s3://socgen-finance-reports/,lambda:InvokeFunction,,
EVT00087,ID0067,Okta,login,2026-05-04 17:30:35,10.176.217.191,,login_success,,
EVT00659,ID0139,AWS,privilege_change,2026-06-18 03:36:25,10.111.39.186,GG-Enterprise-Admins,group_membership_added,privilege_escalation,HIGH
EVT00203,ID0149,AD,login,2026-02-26 00:00:00,10.10.199.224,s3://socgen-finance-reports/,login_success,legitimate_high_priv,
EVT00644,ID0265,AD,privilege_change,2026-05-28 23:11:56,10.9.186.199,arn:aws:iam::aws:policy/AdministratorAccess,group_membership_added,privilege_escalation,HIGH
EVT00403,ID0272,AD,login,2026-03-28 14:08:15,10.149.133.218,,login_success,,
EVT00901,ID0271,AD,login,2026-06-16 03:05:52,213.162.233.249,,login_success,cross_platform_cascade,MEDIUM
EVT00789,ID0241,Okta,login,2026-06-19 03:57:33,193.153.72.43,,login_success,cross_platform_cascade,MEDIUM
EVT00785,ID0332,AWS,login,2026-06-06 02:52:52,2.70.113.58,,login_success,cross_platform_cascade,MEDIUM
EVT00728,ID0122,AWS,login,2026-06-19 03:08:36,217.100.90.97,,login_success,cross_platform_cascade,MEDIUM
EVT00498,ID0353,AWS,api_call,2026-05-26 23:26:41,10.85.57.34,s3://socgen-prod-data/customer/,s3:GetObject,legitimate_high_priv,
EVT00685,ID0382,AWS,api_call,2026-06-15 01:12:32,200.250.175.183,s3://socgen-prod-data/customer/,api_access,token_abuse,CRITICAL
EVT00092,ID0069,AD,login,2025-12-21 00:00:00,10.251.52.224,\\corp\Finance\Reports,login_success,,
EVT00693,ID0378,AWS,api_call,2026-05-22 03:38:21,216.121.229.251,s3://socgen-prod-data/customer/,api_access,token_abuse,CRITICAL
EVT00153,ID0115,AWS,login,2026-05-23 15:56:14,10.211.173.212,GitHub Enterprise,s3:GetObject,,
EVT00665,ID0359,AWS,api_call,2026-06-18 03:30:36,70.143.71.233,iam:CreateUser,api_access,token_abuse,CRITICAL
EVT00828,ID0285,Okta,login,2026-06-16 03:16:21,211.252.238.58,,login_success,cross_platform_cascade,MEDIUM
EVT00040,ID0031,AD,login,2026-05-18 10:07:56,10.54.79.70,,login_success,,
EVT00053,ID0041,Okta,login,2026-04-15 08:59:51,10.100.186.111,,login_success,,
EVT00384,ID0256,Okta,login,2026-06-18 09:37:04,10.7.134.56,,login_success,,
EVT00914,ID0379,AWS,login,2025-11-01 00:00:00,223.180.206.240,,login_success,cross_platform_cascade,MEDIUM
EVT00346,ID0233,AD,login,2026-04-06 15:27:24,10.2.109.53,,login_success,,
EVT00016,ID0014,AWS,login,2026-05-22 09:00:46,10.134.91.130,secretsmanager:GetSecretValue,login_success,legitimate_high_priv,
EVT00937,ID0241,AD,login,2026-06-01 01:15:35,83.114.10.135,,login_success,cross_platform_cascade,MEDIUM
EVT00954,ID0357,Okta,login,2025-12-11 00:00:00,74.158.122.154,,login_success,cross_platform_cascade,MEDIUM
EVT00738,ID0187,Okta,login,2026-06-04 02:40:39,36.109.250.82,,login_success,cross_platform_cascade,MEDIUM
EVT00674,ID0365,AWS,api_call,2026-05-30 02:23:09,70.48.153.229,iam:CreateUser,api_access,token_abuse,CRITICAL
EVT00816,ID0141,Okta,login,2026-06-06 02:57:19,132.113.99.188,,login_success,cross_platform_cascade,MEDIUM
EVT00505,ID0357,AWS,api_call,2026-06-12 03:03:32,10.114.193.104,s3://socgen-finance-reports/,s3:GetObject,legitimate_high_priv,
EVT00692,ID0384,AWS,api_call,2026-06-07 02:15:36,57.82.8.116,iam:AttachUserPolicy,api_access,token_abuse,CRITICAL
EVT00277,ID0190,Okta,login,2026-03-25 09:13:45,10.250.46.231,,login_success,,
EVT00611,ID0280,AD,privilege_change,2026-05-28 23:21:16,10.184.184.144,GG-Enterprise-Admins,group_membership_added,privilege_escalation,HIGH
EVT00245,ID0168,AWS,login,2026-05-01 12:21:35,10.187.73.51,iam:CreateUser,login_success,legitimate_high_priv,
EVT00181,ID0133,AD,login,2026-06-05 07:45:28,10.224.81.94,GPO:Admin Workstation Policy,login_success,legitimate_high_priv,
EVT00238,ID0164,Okta,login,2026-02-20 00:00:00,10.81.167.240,iam:CreateUser,login_success,,
EVT00594,ID0394,AWS,api_call,2026-05-23 23:37:55,10.14.246.30,ec2:i-0a1b2c3d4e5f,s3:GetObject,legitimate_high_priv,
EVT00170,ID0125,AD,login,2026-05-12 19:29:53,10.185.45.112,cloudtrail:StopLogging,login_success,legitimate_high_priv,
EVT00913,ID0379,AD,login,2025-11-01 00:00:00,183.176.187.209,,login_success,cross_platform_cascade,MEDIUM
EVT00405,ID0273,AD,login,2026-04-07 10:06:09,10.54.84.116,,login_success,,
EVT00217,ID0154,Okta,login,2025-12-11 00:00:00,10.16.78.174,s3://socgen-finance-reports/,login_success,,
EVT00420,ID0287,AD,login,2026-05-17 11:34:52,10.28.112.148,,login_success,,
EVT00192,ID0140,AWS,login,2025-09-02 00:00:00,10.214.82.210,\\corp\Legal\Contracts,login_success,,
EVT00074,ID0054,AD,login,2026-06-18 15:47:34,10.26.179.58,,login_success,,
EVT00806,ID0368,AWS,login,2026-05-24 01:52:48,221.1.11.39,,login_success,cross_platform_cascade,MEDIUM
EVT00101,ID0079,Okta,login,2026-06-05 15:29:44,10.155.206.242,,login_success,,
EVT00975,ID0090,Okta,login,2026-06-16 03:32:34,195.196.166.98,,login_success,cross_platform_cascade,MEDIUM
EVT00638,ID0006,AD,privilege_change,2026-05-29 23:38:09,10.190.45.64,arn:aws:iam::aws:policy/AdministratorAccess,group_membership_added,privilege_escalation,HIGH
EVT00600,ID0397,AWS,api_call,2026-05-27 02:06:07,10.40.252.158,s3://socgen-prod-data/customer/,lambda:InvokeFunction,legitimate_high_priv,
EVT00306,ID0209,AD,login,2026-06-11 18:00:13,10.233.191.16,iam:CreateUser,login_success,legitimate_high_priv,
EVT00108,ID0085,AD,login,2026-06-03 11:35:08,10.147.224.226,s3://socgen-finance-reports/,login_success,,
EVT00947,ID0254,AWS,login,2026-05-26 03:23:34,119.132.194.242,,login_success,cross_platform_cascade,MEDIUM
EVT00582,ID0389,AWS,api_call,2026-05-27 03:45:25,10.70.60.192,s3://socgen-finance-reports/,s3:PutObject,legitimate_high_priv,
EVT00887,ID0249,AWS,login,2026-06-15 02:47:38,39.84.129.170,,login_success,cross_platform_cascade,MEDIUM
EVT00655,ID0352,AD,privilege_change,2026-05-27 23:35:59,10.130.184.247,arn:aws:iam::aws:policy/IAMFullAccess,group_membership_added,privilege_escalation,HIGH
EVT00314,ID0214,Okta,login,2026-06-03 14:02:59,10.38.143.231,ec2:i-0a1b2c3d4e5f,login_success,legitimate_high_priv,
EVT00068,ID0050,AD,login,2025-10-28 00:00:00,10.10.194.123,\\corp\Finance\Reports,login_success,legitimate_high_priv,
EVT00359,ID0241,Okta,login,2026-05-23 09:55:07,10.121.107.208,s3://socgen-finance-reports/,login_success,,
EVT00224,ID0157,AD,login,2026-05-01 10:08:15,10.252.13.93,ec2:i-0a1b2c3d4e5f,login_success,legitimate_high_priv,
EVT00654,ID0210,AWS,privilege_change,2026-05-24 03:23:26,10.220.165.156,arn:aws:iam::aws:policy/AdministratorAccess,group_membership_added,privilege_escalation,HIGH
EVT00174,ID0128,AD,login,2026-04-04 10:09:48,10.38.90.244,,login_success,,
EVT00452,ID0313,Okta,login,2026-05-29 08:17:25,10.73.205.10,,login_success,,
EVT00212,ID0153,Okta,login,2026-05-13 15:52:11,10.150.164.27,s3://socgen-finance-reports/,s3:GetObject,,
EVT00280,ID0191,AD,login,2026-06-07 18:37:04,10.23.216.89,rds:socgen-prod-db,login_success,legitimate_high_priv,
EVT00535,ID0370,AWS,api_call,2026-06-20 03:58:33,10.191.228.125,s3://socgen-prod-data/customer/,s3:PutObject,,
EVT00860,ID0169,AWS,login,2026-06-03 02:22:49,114.113.227.238,,login_success,cross_platform_cascade,MEDIUM
EVT00842,ID0318,AWS,login,2026-06-20 01:21:59,79.171.128.12,,login_success,cross_platform_cascade,MEDIUM
EVT00066,ID0049,AWS,login,2026-05-10 16:08:09,10.118.196.178,,login_success,,
EVT00748,ID0114,AD,login,2026-06-17 01:01:29,200.234.111.183,,login_success,cross_platform_cascade,MEDIUM
EVT00456,ID0317,AD,login,2025-06-06 14:31:48,10.191.28.132,,login_success,,
EVT00925,ID0102,AD,login,2026-05-27 02:22:38,185.14.83.73,,login_success,cross_platform_cascade,MEDIUM
EVT00265,ID0180,AD,login,2026-05-01 08:50:31,10.95.148.225,,login_success,,
EVT00313,ID0212,Okta,login,2026-03-30 14:50:21,10.48.21.59,,login_success,,
EVT00942,ID0096,Okta,login,2026-06-08 02:08:21,177.237.104.26,,login_success,cross_platform_cascade,MEDIUM
EVT00041,ID0031,Okta,login,2026-05-25 17:45:21,10.104.135.130,,login_success,,
EVT00201,ID0147,AD,login,2026-04-05 15:34:01,10.123.73.75,,login_success,,
EVT00590,ID0392,AWS,api_call,2026-05-28 03:53:35,10.178.177.247,ec2:i-0a1b2c3d4e5f,s3:GetObject,,
EVT00681,ID0363,AWS,api_call,2026-06-19 03:29:41,19.59.103.90,iam:CreateUser,api_access,token_abuse,CRITICAL
EVT00955,ID0270,AD,login,2026-06-03 02:06:52,185.60.76.71,,login_success,cross_platform_cascade,MEDIUM
EVT00463,ID0324,AD,login,2026-04-21 08:58:08,10.88.4.58,,login_success,,
EVT00978,ID0172,Okta,login,2026-06-01 02:40:28,79.80.166.79,,login_success,cross_platform_cascade,MEDIUM
EVT00431,ID0294,AD,login,2026-05-11 13:10:40,10.45.171.115,,login_success,,
EVT00530,ID0367,AWS,api_call,2026-05-27 01:59:40,10.154.251.203,ec2:i-0a1b2c3d4e5f,s3:GetObject,legitimate_high_priv,
EVT00689,ID0366,AWS,api_call,2026-05-26 03:03:40,26.24.48.255,cloudtrail:StopLogging,api_access,token_abuse,CRITICAL
EVT00032,ID0026,Okta,login,2026-03-23 14:46:50,10.249.79.49,,login_success,,
EVT00006,ID0006,Okta,login,2025-09-13 00:00:00,10.98.35.12,iam:AttachUserPolicy,login_success,legitimate_high_priv,
EVT00950,ID0140,AWS,login,2025-09-02 00:00:00,48.238.118.132,,login_success,cross_platform_cascade,MEDIUM
EVT00688,ID0352,AWS,api_call,2026-05-30 03:22:22,209.202.62.97,cloudtrail:StopLogging,api_access,token_abuse,CRITICAL
EVT00353,ID0236,AD,login,2025-10-14 00:00:00,10.27.183.244,\\corp\Finance\Reports,login_success,legitimate_high_priv,
EVT00106,ID0084,AD,login,2026-05-19 13:20:07,10.206.0.169,,login_success,,
EVT00189,ID0136,Okta,login,2026-02-05 00:00:00,10.83.92.213,rds:socgen-prod-db,login_success,legitimate_high_priv,
EVT00625,ID0177,AD,privilege_change,2026-05-26 23:18:38,10.118.3.141,GG-Enterprise-Admins,group_membership_added,privilege_escalation,HIGH
EVT00579,ID0388,AWS,api_call,2026-06-07 03:23:06,10.79.218.167,ec2:i-0a1b2c3d4e5f,s3:PutObject,,
EVT00154,ID0115,Okta,login,2026-05-24 14:20:42,10.130.191.245,ec2:i-0a1b2c3d4e5f,ec2:DescribeInstances,,
EVT00327,ID0222,AD,login,2026-05-13 12:17:31,10.74.32.43,,login_success,,
EVT00494,ID0352,AWS,api_call,2026-06-06 03:03:06,10.89.20.219,ec2:i-0a1b2c3d4e5f,s3:PutObject,legitimate_high_priv,
EVT00235,ID0162,Okta,login,2026-05-08 11:38:09,10.160.163.188,,login_success,,
EVT00679,ID0386,AWS,api_call,2026-06-01 04:46:09,210.57.203.186,iam:CreateUser,api_access,token_abuse,CRITICAL
EVT00372,ID0249,AD,login,2026-05-19 13:05:23,10.84.26.102,,login_success,,
EVT00049,ID0039,AD,login,2026-03-28 08:12:25,10.168.142.222,,login_success,,
EVT00067,ID0050,Okta,login,2025-10-28 00:00:00,10.169.238.107,\\corp\Finance\Reports,login_success,legitimate_high_priv,
EVT00077,ID0057,AD,login,2026-06-19 17:59:19,10.192.203.242,SAP S4HANA,login_success,,
EVT00958,ID0259,AD,login,2026-06-11 01:25:04,207.128.135.184,,login_success,cross_platform_cascade,MEDIUM
EVT00466,ID0327,Okta,login,2026-03-30 16:38:38,10.144.152.176,,login_success,,
EVT00450,ID0312,AD,login,2025-10-07 00:00:00,10.51.54.145,,login_success,,
EVT00473,ID0334,AD,login,2026-05-23 13:47:55,10.157.215.202,,login_success,,
EVT00811,ID0019,AD,login,2026-06-07 02:05:31,134.235.9.233,,login_success,cross_platform_cascade,MEDIUM
EVT00869,ID0350,AWS,login,2026-06-17 03:15:34,149.131.37.123,,login_success,cross_platform_cascade,MEDIUM
EVT00228,ID0159,AWS,login,2026-05-19 15:58:55,10.28.63.133,ec2:i-0a1b2c3d4e5f,s3:GetObject,,
EVT00916,ID0108,AD,login,2026-05-22 03:42:21,143.146.79.208,,login_success,cross_platform_cascade,MEDIUM
EVT00609,ID0091,AWS,privilege_change,2026-06-15 01:26:31,10.68.161.202,arn:aws:iam::aws:policy/IAMFullAccess,group_membership_added,privilege_escalation,HIGH
EVT00402,ID0272,AD,login,2026-06-08 17:32:08,10.201.38.152,,login_success,,
EVT00686,ID0386,AWS,api_call,2026-06-19 01:15:59,122.40.218.103,secretsmanager:GetSecretValue,api_access,token_abuse,CRITICAL
EVT00697,ID0361,AWS,api_call,2026-06-18 03:35:34,209.129.250.50,iam:CreateUser,api_access,token_abuse,CRITICAL
EVT00763,ID0152,AD,login,2026-06-11 01:19:32,2.242.13.119,,login_success,cross_platform_cascade,MEDIUM
EVT00011,ID0011,AD,login,2026-05-01 15:56:58,10.234.73.68,,login_success,,
EVT00840,ID0022,Okta,login,2026-02-07 00:00:00,23.132.11.37,,login_success,cross_platform_cascade,MEDIUM
EVT00502,ID0355,AWS,api_call,2026-06-04 03:33:44,10.48.221.170,s3://socgen-finance-reports/,s3:PutObject,,
EVT00730,ID0386,AD,login,2025-12-18 00:00:00,197.13.181.219,,login_success,cross_platform_cascade,MEDIUM
EVT00651,ID0313,AD,privilege_change,2026-05-28 01:14:34,10.197.97.50,arn:aws:iam::aws:policy/AdministratorAccess,group_membership_added,privilege_escalation,HIGH
EVT00295,ID0202,Okta,login,2026-06-17 10:17:24,10.20.37.49,lambda:socgen-etl-function,login_success,legitimate_high_priv,
EVT00570,ID0383,AWS,api_call,2026-06-01 23:30:55,10.246.87.57,iam:CreateUser,lambda:InvokeFunction,,
EVT00694,ID0385,AWS,api_call,2026-06-14 02:41:08,80.208.194.47,secretsmanager:GetSecretValue,api_access,token_abuse,CRITICAL
EVT00864,ID0257,Okta,login,2026-06-17 03:21:09,170.20.0.47,,login_success,cross_platform_cascade,MEDIUM
EVT00467,ID0329,AD,login,2026-01-30 13:40:20,10.141.133.168,,login_success,,
EVT00120,ID0092,AWS,login,2026-05-12 12:44:25,10.41.168.219,iam:AttachUserPolicy,login_success,legitimate_high_priv,
EVT00390,ID0262,Okta,login,2026-05-30 09:51:27,10.139.32.68,s3://socgen-finance-reports/,s3:GetObject,,
EVT00404,ID0273,Okta,login,2026-05-11 13:28:17,10.119.38.242,,login_success,,
EVT00150,ID0113,AD,login,2026-04-20 08:54:25,10.218.55.126,,login_success,,
EVT00088,ID0068,Okta,login,2026-05-17 15:19:16,10.118.61.185,,login_success,,
EVT00255,ID0173,Okta,login,2026-04-23 10:58:34,10.175.181.174,,login_success,,
EVT00131,ID0098,AD,login,2026-04-24 09:40:41,10.20.158.202,s3://socgen-finance-reports/,login_success,,
EVT00515,ID0361,AWS,api_call,2026-06-04 01:47:03,10.221.247.237,s3://socgen-finance-reports/,lambda:InvokeFunction,,
EVT00417,ID0285,Okta,login,2026-04-20 13:34:50,10.248.176.234,,login_success,,
EVT00411,ID0279,Okta,login,2026-03-25 13:40:41,10.43.132.235,,login_success,,
EVT00726,ID0196,Okta,login,2026-06-07 03:37:13,208.94.13.114,,login_success,cross_platform_cascade,MEDIUM
EVT00341,ID0229,AD,login,2026-06-02 09:22:19,10.175.233.201,,login_success,,
EVT00896,ID0116,AWS,login,2026-05-27 03:44:51,219.219.183.119,,login_success,cross_platform_cascade,MEDIUM
EVT00584,ID0390,AWS,api_call,2026-05-26 01:05:52,10.74.241.238,iam:CreateUser,s3:GetObject,legitimate_high_priv,
EVT00892,ID0260,AD,login,2026-06-09 03:19:21,47.138.216.36,,login_success,cross_platform_cascade,MEDIUM
EVT00506,ID0358,AWS,api_call,2026-05-26 23:36:28,10.45.255.115,ec2:i-0a1b2c3d4e5f,s3:GetObject,legitimate_high_priv,
EVT00163,ID0122,Okta,login,2026-04-25 17:26:17,10.110.58.89,,login_success,,
EVT00430,ID0293,Okta,login,2026-05-11 10:36:06,10.254.72.85,rds:socgen-prod-db,login_success,legitimate_high_priv,
EVT00567,ID0382,AWS,api_call,2026-06-02 02:10:41,10.210.11.63,s3://socgen-prod-data/customer/,s3:GetObject,,
EVT00173,ID0126,AD,login,2026-05-07 13:46:52,10.75.120.27,,login_success,,
EVT00551,ID0376,AWS,api_call,2026-06-20 02:20:15,10.113.223.71,ec2:i-0a1b2c3d4e5f,s3:GetObject,,
EVT00488,ID0348,AD,login,2026-05-13 08:26:42,10.51.138.160,,login_success,,
EVT00572,ID0385,AWS,api_call,2026-06-13 01:24:24,10.67.55.5,s3://socgen-finance-reports/,lambda:InvokeFunction,legitimate_high_priv,
EVT00757,ID0209,AD,login,2026-05-26 03:40:13,117.109.200.144,,login_success,cross_platform_cascade,MEDIUM
EVT00119,ID0092,AWS,login,2026-05-05 07:09:26,10.79.38.121,lambda:socgen-etl-function,login_success,legitimate_high_priv,
EVT00962,ID0370,AWS,login,2026-05-30 01:54:38,193.20.153.62,,login_success,cross_platform_cascade,MEDIUM
EVT00332,ID0225,AWS,login,2026-05-26 19:23:07,10.102.92.175,lambda:socgen-etl-function,login_success,legitimate_high_priv,
EVT00534,ID0369,AWS,api_call,2026-06-19 02:43:56,10.164.195.235,s3://socgen-prod-data/customer/,s3:PutObject,legitimate_high_priv,
EVT00097,ID0074,Okta,login,2026-05-31 09:15:11,10.38.80.1,,login_success,,
EVT00455,ID0316,Okta,login,2026-05-10 15:17:46,10.213.45.49,,login_success,,
EVT00520,ID0363,AWS,api_call,2026-06-04 02:34:44,10.165.59.195,ec2:i-0a1b2c3d4e5f,lambda:InvokeFunction,legitimate_high_priv,
EVT_GAP_ID0001_AWS,ID0001,AWS,login,2025-11-08 00:00:00,10.194.138.254,,login_success,offboarding_gap,CRITICAL
EVT_GAP_ID0008_Okta,ID0008,Okta,login,2025-06-08 00:00:00,10.28.117.211,,login_success,offboarding_gap,CRITICAL
EVT_GAP_ID0020_AWS,ID0020,AWS,login,2024-11-23 00:00:00,10.205.137.17,,login_success,offboarding_gap,CRITICAL
EVT_GAP_ID0020_Okta,ID0020,Okta,login,2024-12-09 00:00:00,10.161.108.168,,login_success,offboarding_gap,CRITICAL
EVT_GAP_ID0036_Okta,ID0036,Okta,login,2026-01-20 00:00:00,10.126.134.192,,login_success,offboarding_gap,CRITICAL
EVT_GAP_ID0049_Okta,ID0049,Okta,login,2025-12-27 00:00:00,10.252.46.194,,login_success,offboarding_gap,CRITICAL
EVT_GAP_ID0055_AWS,ID0055,AWS,login,2021-12-05 00:00:00,10.78.81.203,,login_success,offboarding_gap,CRITICAL
EVT_GAP_ID0064_AWS,ID0064,AWS,login,2022-02-03 00:00:00,10.5.58.175,,login_success,offboarding_gap,CRITICAL
EVT_GAP_ID0083_Okta,ID0083,Okta,login,2026-12-18 00:00:00,10.232.1.245,,login_success,offboarding_gap,CRITICAL
EVT_GAP_ID0130_Okta,ID0130,Okta,login,2024-01-13 00:00:00,10.152.101.40,,login_success,offboarding_gap,CRITICAL
EVT_GAP_ID0132_Okta,ID0132,Okta,login,2022-01-10 00:00:00,10.0.165.126,,login_success,offboarding_gap,CRITICAL
EVT_GAP_ID0137_AWS,ID0137,AWS,login,2021-07-13 00:00:00,10.185.157.62,,login_success,offboarding_gap,CRITICAL
EVT_GAP_ID0137_Okta,ID0137,Okta,login,2021-07-10 00:00:00,10.40.43.188,,login_success,offboarding_gap,CRITICAL
EVT_GAP_ID0138_Okta,ID0138,Okta,login,2027-04-13 00:00:00,10.64.65.169,,login_success,offboarding_gap,CRITICAL
EVT_GAP_ID0148_AWS,ID0148,AWS,login,2020-10-15 00:00:00,10.216.108.238,,login_success,offboarding_gap,CRITICAL
EVT_GAP_ID0163_Okta,ID0163,Okta,login,2020-08-10 00:00:00,10.204.191.113,,login_success,offboarding_gap,CRITICAL
EVT_GAP_ID0186_AWS,ID0186,AWS,login,2019-07-13 00:00:00,10.173.10.151,,login_success,offboarding_gap,CRITICAL
EVT_GAP_ID0188_Okta,ID0188,Okta,login,2023-12-03 00:00:00,10.30.117.18,,login_success,offboarding_gap,CRITICAL
EVT_GAP_ID0192_AWS,ID0192,AWS,login,2025-03-01 00:00:00,10.142.248.55,,login_success,offboarding_gap,CRITICAL
EVT_GAP_ID0203_Okta,ID0203,Okta,login,2019-04-10 00:00:00,10.208.97.25,,login_success,offboarding_gap,CRITICAL
EVT_GAP_ID0242_AWS,ID0242,AWS,login,2021-02-07 00:00:00,10.181.216.106,,login_success,offboarding_gap,CRITICAL
EVT_GAP_ID0261_Okta,ID0261,Okta,login,2023-04-30 00:00:00,10.173.55.64,,login_success,offboarding_gap,CRITICAL
EVT_GAP_ID0274_AWS,ID0274,AWS,login,2024-03-15 00:00:00,10.229.71.109,,login_success,offboarding_gap,CRITICAL
EVT_GAP_ID0274_Okta,ID0274,Okta,login,2024-03-10 00:00:00,10.127.38.114,,login_success,offboarding_gap,CRITICAL
EVT_GAP_ID0277_AWS,ID0277,AWS,login,2027-01-23 00:00:00,10.7.47.238,,login_success,offboarding_gap,CRITICAL
EVT_GAP_ID0278_AWS,ID0278,AWS,login,2026-03-03 00:00:00,10.248.246.55,,login_success,offboarding_gap,CRITICAL
EVT_GAP_ID0283_Okta,ID0283,Okta,login,2023-05-14 00:00:00,10.199.135.238,,login_success,offboarding_gap,CRITICAL
EVT_GAP_ID0301_Okta,ID0301,Okta,login,2025-12-18 00:00:00,10.111.29.149,,login_success,offboarding_gap,CRITICAL
EVT_GAP_ID0303_Okta,ID0303,Okta,login,2026-06-18 00:00:00,10.29.25.150,,login_success,offboarding_gap,CRITICAL
EVT_GAP_ID0305_Okta,ID0305,Okta,login,2027-01-14 00:00:00,10.41.95.18,,login_success,offboarding_gap,CRITICAL
EVT_GAP_ID0310_AWS,ID0310,AWS,login,2026-06-03 00:00:00,10.126.20.159,,login_success,offboarding_gap,CRITICAL
EVT_GAP_ID0310_Okta,ID0310,Okta,login,2026-07-08 00:00:00,10.161.133.53,,login_success,offboarding_gap,CRITICAL
EVT_GAP_ID0314_AWS,ID0314,AWS,login,2025-08-05 00:00:00,10.153.234.81,,login_success,offboarding_gap,CRITICAL
EVT_GAP_ID0315_Okta,ID0315,Okta,login,2026-01-22 00:00:00,10.51.37.138,,login_success,offboarding_gap,CRITICAL
EVT_GAP_ID0317_AWS,ID0317,AWS,login,2024-12-01 00:00:00,10.67.178.226,,login_success,offboarding_gap,CRITICAL
EVT_GAP_ID0317_Okta,ID0317,Okta,login,2024-11-30 00:00:00,10.189.145.41,,login_success,offboarding_gap,CRITICAL
EVT_GAP_ID0328_Okta,ID0328,Okta,login,2026-05-28 00:00:00,10.68.135.30,,login_success,offboarding_gap,CRITICAL
EVT_GAP_ID0331_AWS,ID0331,AWS,login,2025-08-03 00:00:00,10.107.175.53,,login_success,offboarding_gap,CRITICAL
EVT_GAP_ID0340_AWS,ID0340,AWS,login,2025-08-06 00:00:00,10.26.47.163,,login_success,offboarding_gap,CRITICAL
EVT_GAP_ID0341_AWS,ID0341,AWS,login,2025-10-04 00:00:00,10.170.66.164,,login_success,offboarding_gap,CRITICAL
EVT_GAP_ID0343_AWS,ID0343,AWS,login,2025-08-10 00:00:00,10.218.4.29,,login_success,offboarding_gap,CRITICAL
EVT_GAP_ID0343_Okta,ID0343,Okta,login,2025-09-07 00:00:00,10.76.18.214,,login_success,offboarding_gap,CRITICAL
EVT_GAP_ID0346_Okta,ID0346,Okta,login,2025-10-07 00:00:00,10.20.183.54,,login_success,offboarding_gap,CRITICAL
