identity_id,name,email,type,department,hire_date,termination_date,is_terminated,last_role_change_date,manager
ID0001,Allison Hill,donaldgarcia@mcclain.com,employee,Legal,2024-09-23,2025-10-09,True,2024-12-04,
ID0002,David Guzman,jennifermiles@robinson-lawrence.com,employee,Legal,2024-10-30,,False,,
ID0003,Caitlin Henderson,eric51@james.com,employee,Engineering,2019-05-11,,False,2021-10-23,
ID0004,Renee Blair,dudleynicholas@carter.com,employee,Finance,2020-04-24,,False,,
ID0005,Michele Williams,kendragalloway@delacruz.com,employee,Legal,2018-09-10,,False,,
ID0006,Roy Martin,jason41@reid.info,employee,IT,2019-05-16,,False,,
ID0007,William Bowman,gabriellecameron@perez.com,employee,Finance,2021-03-28,,False,2025-07-09,
ID0008,Austin Gentry,jason76@ellis.net,employee,HR,2024-10-31,2025-05-18,True,,
ID0009,Nicole Patterson,icox@snyder.com,employee,HR,2019-03-18,,False,2024-05-12,
ID0010,Rebecca Henderson,cruzcaitlin@rice-maddox.com,employee,Sales,2024-07-30,,False,,
ID0011,Ashley Dyer,kayla51@graham-chavez.com,employee,Sales,2022-09-10,,False,,
ID0012,Pamela Romero,harrellkenneth@romero.com,employee,HR,2019-07-04,,False,2022-01-23,
ID0013,Paula Moreno,georgetracy@hickman.com,employee,HR,2025-01-31,,False,,
ID0014,Shawn Arroyo,dennislisa@cannon.net,employee,IT,2022-11-11,,False,,
ID0015,Joseph Obrien,sarahcampos@harris.com,employee,Finance,2021-10-29,,False,,
ID0016,Joseph Martinez,calebsmith@hall.com,employee,Legal,2018-04-25,,False,,
ID0017,Taylor Heath,palmerjoshua@lewis-anderson.org,employee,Finance,2019-12-28,,False,2024-03-31,
ID0018,Dana Kennedy,glee@jordan.com,employee,HR,2018-10-20,,False,2022-06-10,
ID0019,Victoria Garcia,zchandler@wright.net,employee,Engineering,2023-05-30,,False,,
ID0020,Javier Ramirez,nancyjones@garcia.com,employee,IT,2022-12-23,2024-11-02,True,,
ID0021,Tammy Allison,richardolson@barrera-martin.com,employee,HR,2023-08-06,,False,,
ID0022,Mrs. Rachel Gibson,uhorton@stanley.com,employee,Legal,2020-10-31,,False,2023-10-13,
ID0023,Lauren Daniels,brian97@calhoun.net,employee,Legal,2019-06-04,,False,,
ID0024,Cody Larson,richarddavid@sanchez.biz,employee,HR,2023-07-09,,False,2026-04-15,
ID0025,Krystal Stewart,james53@foster-powers.com,employee,Engineering,2025-06-14,,False,2025-09-04,
ID0026,Timothy Walls,ellisyolanda@jones.net,employee,Legal,2021-03-30,,False,,
ID0027,Timothy Ibarra,mikemoore@warner.net,employee,Sales,2020-09-23,,False,,
ID0028,Robert Evans,mcmillandennis@preston.net,employee,Engineering,2018-05-08,,False,,
ID0029,Douglas Clark,james48@king-odonnell.com,employee,Sales,2022-12-27,,False,,
ID0030,Jeff Hill,cookdavid@martin-ramos.biz,employee,HR,2021-02-07,,False,2025-02-25,
ID0031,Ashley Landry,amydavenport@tran.com,employee,Legal,2023-01-10,,False,,
ID0032,Rebecca Valencia,jason31@deleon-henson.biz,employee,Sales,2024-10-14,,False,,
ID0033,Nicole Frost,michellecherry@keith.com,employee,Legal,2020-04-14,,False,2022-02-05,
ID0034,Evelyn Galvan,josephcobb@reyes.info,employee,Sales,2020-01-12,,False,,
ID0035,Robert Stevens,lori33@keller.com,employee,IT,2025-10-05,2027-01-19,True,,
ID0036,Benjamin Ayala,darlene68@crosby-wilson.com,employee,HR,2023-04-18,2026-01-11,True,,
ID0037,Victor Baker,carlsonmichael@graham-joyce.com,employee,Engineering,2025-01-07,,False,,
ID0038,Kenneth Scott,zsmith@mcdaniel.com,employee,Sales,2024-07-26,,False,,
ID0039,Benjamin Beck,cindy14@parker.com,employee,Sales,2024-02-16,,False,,
ID0040,Cheryl Ortega,lbyrd@carroll.com,employee,IT,2023-08-09,,False,,
ID0041,Jeffrey Carpenter,steven73@kennedy.com,employee,Legal,2023-09-22,,False,,
ID0042,Diane Beck,clarence34@drake.com,employee,Legal,2018-09-10,,False,,
ID0043,William Carr,gibsonolivia@lee.com,employee,IT,2024-08-15,,False,2024-09-06,
ID0044,Michael Stafford,osbornejeffery@holmes.com,employee,Sales,2019-10-08,,False,2020-07-25,
ID0045,Robert Contreras,stephanie79@mcclain.info,employee,Legal,2018-11-26,2019-05-14,True,,
ID0046,Natasha Wells,karen48@sims-hill.com,employee,HR,2025-03-08,,False,,
ID0047,Cynthia Rogers,taylorjesse@hernandez.com,employee,IT,2023-07-30,,False,,
ID0048,Jennifer Clark,xprice@shah.org,employee,Sales,2019-07-08,,False,,
ID0049,Aaron Bell,acastaneda@adkins.com,employee,IT,2023-11-05,2025-12-18,True,,
ID0050,Don Tucker MD,dramsey@hooper.com,employee,IT,2021-05-15,,False,,
ID0051,Leslie Alvarado,dayderek@white-green.com,employee,Legal,2018-08-26,,False,2023-03-03,
ID0052,Gabriel Juarez,aramirez@conley-ruiz.net,employee,Legal,2022-03-05,,False,2023-04-02,
ID0053,Trevor Walker,harringtondenise@herring.com,employee,Finance,2019-12-19,,False,,
ID0054,Cynthia Wells,elliottjeffery@scott.com,employee,HR,2020-10-16,,False,,
ID0055,Carla Collins,hickmanbarbara@sanders-espinoza.com,employee,IT,2019-10-22,2021-11-27,True,,
ID0056,Sandra Sanchez,melissa91@patton.com,employee,Engineering,2024-12-06,,False,,
ID0057,Matthew Smith,gshort@yu-reid.info,employee,Finance,2021-06-03,,False,2023-09-03,
ID0058,Jessica Gross,christina87@graham-simon.com,employee,Engineering,2024-02-18,,False,,
ID0059,David Michael,nicole37@bishop.com,employee,HR,2020-11-16,,False,,
ID0060,Daniel Salinas,joshua94@smith.biz,employee,Legal,2019-09-30,,False,,
ID0061,Peter Vaughn DDS,bwest@phillips.com,employee,Finance,2022-08-26,,False,2025-09-10,
ID0062,Kevin Kennedy,ronald85@warner-nelson.com,employee,Engineering,2022-06-18,2024-05-16,True,,
ID0063,Nathan Stewart,jamesrodgers@hardy-bray.net,employee,Sales,2024-03-19,2025-11-29,True,2024-09-26,
ID0064,Veronica Wall,jeremy24@erickson.com,employee,Engineering,2019-04-22,2021-12-29,True,2019-08-23,
ID0065,Anthony Carter,danamullins@salas.com,employee,Sales,2023-03-21,,False,2023-09-05,
ID0066,Jeremiah Lopez,kingmichelle@short.info,employee,IT,2018-08-10,,False,,
ID0067,Mark Brown,lisaavery@mcknight.net,employee,HR,2023-09-09,,False,,
ID0068,Lisa Gibbs,kimberlyjames@evans-chapman.biz,employee,HR,2021-07-16,,False,,
ID0069,Marc Lynch,mezajared@baker.com,employee,IT,2022-06-07,,False,,
ID0070,Juan Moore,mhayes@carter-hall.com,employee,Engineering,2020-11-02,,False,,
ID0071,Jordan Mcdaniel,kristin93@wilson-walker.com,employee,Engineering,2025-02-26,,False,,
ID0072,Samantha Jones,lauralarson@morse.com,employee,Finance,2022-01-24,,False,,
ID0073,Terri Mason,mkim@preston.com,employee,HR,2022-10-13,,False,,
ID0074,Allison Perez,keyemily@johnston-hines.com,employee,Legal,2022-08-02,,False,,
ID0075,Matthew Moon,wendygraham@costa-harrison.biz,employee,Legal,2020-01-18,2022-08-11,True,,
ID0076,Michael Hodge,robert74@landry.info,employee,Legal,2024-10-25,,False,2025-02-21,
ID0077,David Wilson,ahancock@booth.net,employee,Engineering,2019-10-10,,False,,
ID0078,Peter Garrett,harrisandrea@kim-wolfe.com,employee,Finance,2022-02-18,,False,,
ID0079,Mark Lloyd,lancesmith@davis-gay.com,employee,HR,2020-04-23,,False,,
ID0080,Bruce Collier,scantu@thornton.info,employee,Engineering,2024-12-10,,False,,
ID0081,Juan Reyes,michellehill@morgan-french.com,employee,Engineering,2025-12-09,,False,2026-02-15,
ID0082,Diane Evans,cgrimes@washington.biz,employee,Finance,2021-01-09,,False,,
ID0083,Frank Lopez,ashleyhall@williams-garner.biz,employee,Engineering,2024-09-21,2026-12-07,True,,
ID0084,Matthew Hoover,tylerjohnson@sanford.info,employee,Sales,2025-07-29,,False,,
ID0085,Thomas Smith,robertpena@jones.com,employee,Finance,2021-02-27,,False,,
ID0086,Jennifer Miller,melissa86@sims-clay.info,employee,Engineering,2021-12-19,,False,2022-07-18,
ID0087,Amanda Jones,wendy16@hodges.com,employee,HR,2019-09-13,,False,,
ID0088,Michael Berger,nguyenbrian@brooks-thomas.net,employee,Sales,2024-03-30,,False,2024-09-13,
ID0089,Michael White,christianpitts@vega.com,employee,Finance,2021-05-10,2023-09-11,True,,
ID0090,David Scott,nolansteven@byrd-moore.info,employee,IT,2018-06-20,,False,,
ID0091,Victoria Evans,dvaughn@gonzalez-cruz.info,employee,HR,2024-03-11,,False,2024-04-20,
ID0092,James Howard,victoria40@foster.com,employee,IT,2023-06-26,,False,,
ID0093,Natasha Wall,kimberly39@robinson-lee.com,employee,HR,2022-07-22,,False,,
ID0094,Michelle Hopkins,courtneyberger@williams.com,employee,Finance,2025-09-18,,False,,
ID0095,Ann Phillips,ithompson@walter.com,employee,HR,2025-03-14,,False,,
ID0096,Dawn Summers,scoffey@harrell.com,employee,Legal,2020-04-07,,False,,
ID0097,Vincent Dalton,zcoffey@diaz.net,employee,Sales,2022-04-07,,False,2023-09-24,
ID0098,Jacob Curry,brenda51@hall.net,employee,Finance,2019-06-20,,False,,
ID0099,Leonard Holland,tblankenship@ortiz.com,employee,Engineering,2019-04-16,,False,,
ID0100,Audrey Young DDS,qchavez@horton.com,employee,HR,2021-01-31,,False,,
ID0101,Mary Bass,rcrosby@vaughn.info,employee,IT,2019-07-07,,False,2024-05-28,
ID0102,David Cox,amy50@hill-donaldson.info,employee,Engineering,2020-02-24,,False,,
ID0103,Daniel Fowler,williamsmatthew@buchanan.com,employee,Legal,2018-06-17,,False,,
ID0104,Kristen Willis,markhernandez@smith.com,employee,Legal,2022-04-11,,False,,
ID0105,Rebecca Rodriguez,andersonmichael@chapman.com,employee,Engineering,2022-08-11,,False,,
ID0106,Cameron Fisher,reesethomas@palmer-rodriguez.net,employee,HR,2021-06-19,,False,,
ID0107,Luis Acosta,stephen00@boone-simmons.com,employee,Finance,2021-04-06,,False,,
ID0108,Theodore Jones Jr.,cameronhill@richards.org,employee,Legal,2024-01-11,,False,,
ID0109,Jody Jacobs,mcguiredanny@curtis.com,employee,Sales,2025-12-22,,False,2026-05-20,
ID0110,Stephen Gutierrez,uross@edwards.com,employee,Sales,2018-08-21,,False,,
ID0111,Christian Leblanc,davischristopher@davis-rodgers.com,employee,Legal,2023-08-01,,False,,
ID0112,Laurie Hoffman,elizabeth65@pugh.com,employee,Legal,2024-01-28,,False,,
ID0113,Lindsay Bell,ericolson@bell.com,employee,Legal,2018-11-18,,False,2021-07-08,
ID0114,Donald Perez,xbruce@austin.com,employee,Legal,2022-07-01,,False,2022-08-21,
ID0115,Donald Farmer,michael22@sandoval.com,employee,Engineering,2023-03-27,,False,,
ID0116,Joseph Bennett,xpeterson@griffith-frank.org,employee,Engineering,2020-11-14,,False,,
ID0117,Sophia Moore,craigjoseph@coleman.com,employee,Finance,2021-09-03,,False,2025-05-09,
ID0118,Ashley Jordan,erika97@estrada.org,employee,Legal,2025-12-01,,False,,
ID0119,Dan Dougherty,kathrynroberts@smith.biz,employee,Engineering,2021-03-18,,False,,
ID0120,James Padilla,charles06@stevens.com,employee,Legal,2020-03-03,,False,,
ID0121,Laura Mckinney,zroberts@burch.org,employee,Engineering,2020-11-10,,False,,
ID0122,Michael Cox,prichard@chapman-warren.biz,employee,Sales,2019-09-17,,False,,
ID0123,Nichole Walker,charlesschultz@hicks.com,employee,IT,2019-02-09,,False,,
ID0124,Charles Gonzalez,kathleenrios@bean.info,employee,IT,2019-11-01,,False,2025-02-27,
ID0125,Justin Riley,michelle52@jones-ramos.com,employee,IT,2023-01-27,,False,,
ID0126,Leslie Bell,collinsshannon@wood.com,employee,HR,2020-02-18,,False,2025-01-24,
ID0127,Vanessa Davis,jford@huang.com,employee,Engineering,2022-10-10,,False,,
ID0128,John Hernandez,hayeslisa@haas-miller.com,employee,Sales,2025-01-27,,False,2026-01-18,
ID0129,Michael Ritter,michaelhardin@ortiz-morgan.org,employee,Finance,2023-07-31,2024-12-29,True,,
ID0130,Mark Cook,cody64@cummings-douglas.org,employee,IT,2021-04-25,2023-12-03,True,,
ID0131,Felicia Aguilar,sabrinacollins@hale.com,employee,Sales,2025-10-04,,False,,
ID0132,James Conner,elizabethcalderon@osborn.biz,employee,IT,2020-08-18,2021-11-21,True,,
ID0133,Alicia Parker,matthewmiranda@perez.com,employee,IT,2021-04-12,,False,,
ID0134,Ryan Garcia,stanleynancy@anderson.org,employee,Sales,2023-07-04,,False,,
ID0135,Carol Kim,udiaz@montes.com,employee,IT,2025-08-27,,False,,
ID0136,Rachel Young,kylestokes@mckee-lee.org,employee,IT,2024-02-16,,False,,
ID0137,Mrs. Diane Reyes,mburch@taylor.com,employee,Sales,2019-12-28,2021-05-14,True,,
ID0138,Ashley Singleton,mitchellkathryn@cole-palmer.biz,employee,Legal,2025-09-03,2027-02-23,True,2026-12-20,
ID0139,Thomas Velasquez,sarah60@shaw-young.com,employee,Finance,2025-06-01,,False,,
ID0140,Alfred Galvan,lacey20@lowery-kennedy.com,employee,IT,2022-04-25,,False,,
ID0141,Julie Gilbert,smithjason@dunn.org,employee,HR,2021-04-02,,False,2021-05-12,
ID0142,Ashley Roberts,david36@bauer.info,employee,Legal,2019-12-06,2021-03-08,True,2020-01-11,
ID0143,Alexis Robertson,jennifercarter@mendez.org,employee,Legal,2025-07-12,,False,,
ID0144,Matthew Miller,carlos88@hartman.info,employee,Finance,2025-10-01,,False,2026-06-01,
ID0145,James Brooks,kellycarlos@quinn.com,employee,Legal,2024-09-11,,False,2025-06-01,
ID0146,Nancy Cook,bellmatthew@thompson.info,employee,HR,2024-02-05,,False,,
ID0147,Robin Brown,mjohnson@moody.com,employee,Legal,2024-09-10,,False,2025-07-26,
ID0148,Kaylee Hays,wking@lee.com,employee,Engineering,2019-06-28,2020-08-20,True,,
ID0149,Robert Kim,ypaul@beltran-crawford.info,employee,IT,2021-07-13,,False,2024-11-07,
ID0150,Robert Adams,acostachristian@carney.com,employee,Legal,2018-12-11,,False,,
ID0151,Matthew Parker,cjackson@west-acosta.com,employee,HR,2018-04-22,,False,2024-08-27,
ID0152,Jessica Fowler,jonesdana@palmer-brady.com,employee,Engineering,2022-01-31,,False,,
ID0153,Brenda Lawson,ejohnson@osborne.com,employee,Engineering,2020-04-21,,False,2025-01-06,
ID0154,Keith Jacobs,xrush@hines-berry.net,employee,IT,2024-10-17,,False,,
ID0155,Ernest Ramirez,johnsonjacob@hughes.com,employee,IT,2024-04-06,,False,,
ID0156,Cindy Carr,igonzalez@hayes.info,employee,Legal,2022-12-13,,False,,
ID0157,Rita Ponce DVM,jenna88@vance-york.com,employee,IT,2020-10-06,,False,,
ID0158,Katie Martinez,laurayoung@johnson-spencer.com,employee,HR,2022-05-13,,False,,
ID0159,William Anderson,jonesraymond@higgins.org,employee,Engineering,2022-11-07,,False,2025-06-16,
ID0160,William Day,howens@anderson-calderon.net,employee,Sales,2019-02-19,,False,,
ID0161,Catherine Burch,dshaw@holmes.com,employee,IT,2022-05-02,,False,2023-10-14,
ID0162,Timothy Perez,meghan43@huber.org,employee,HR,2022-11-04,,False,,
ID0163,Kathryn Jackson,georgeweber@morgan.com,employee,HR,2019-09-30,2020-07-21,True,2020-04-26,
ID0164,Travis Wise,debra96@fowler.com,employee,IT,2019-10-02,,False,,
ID0165,Elizabeth Sanchez,eevans@brown.com,employee,Legal,2020-06-22,,False,2023-10-11,
ID0166,Charles Hensley,jessica56@hodges.net,employee,Finance,2021-06-11,,False,,
ID0167,David Martinez,gwright@roberts.org,employee,Sales,2021-11-03,,False,,
ID0168,Victor Barrera,sarah53@jimenez.info,employee,IT,2019-10-22,,False,,
ID0169,Mr. Alexander Landry MD,jasongomez@campbell.info,employee,HR,2022-07-17,,False,2023-08-16,
ID0170,Adam Rodriguez,nicoleluna@diaz-morales.org,employee,HR,2024-08-21,,False,,
ID0171,Heidi Roberts,wgordon@ramirez.com,employee,Legal,2023-11-26,,False,,
ID0172,Brent Brooks,angela52@morrison.net,employee,HR,2019-05-15,,False,,
ID0173,Andrew Reeves,jstone@barry.com,employee,HR,2024-11-07,,False,,
ID0174,William Stevenson,brittney88@burns.com,employee,HR,2023-12-20,,False,,
ID0175,Michael Whitney,laura09@baker-rios.org,employee,Finance,2022-11-26,2023-04-30,True,,
ID0176,Mikayla Silva,alexandriagriffith@hernandez-becker.com,employee,Legal,2024-07-24,,False,,
ID0177,Melody Lee,jedwards@vaughn-jenkins.org,employee,Engineering,2025-11-03,,False,,
ID0178,Shelley Fitzgerald,thorntonapril@nguyen.com,employee,IT,2022-02-27,,False,2024-11-02,
ID0179,Julia Patel,erica49@lee-wright.net,employee,Engineering,2025-03-31,,False,2026-02-17,
ID0180,Todd Hendrix,janet75@bailey-peck.com,employee,Legal,2025-05-18,,False,,
ID0181,Kenneth Daniels,xcardenas@roberts.com,employee,HR,2025-01-09,,False,2026-03-12,
ID0182,Jeremy Scott,ilewis@fitzpatrick-horton.com,employee,Sales,2019-04-18,,False,2025-02-26,
ID0183,Patrick Allen,santiagoamanda@hall.info,employee,IT,2020-12-04,,False,,
ID0184,Randy Smith,richarddonovan@woods-gonzalez.com,employee,Sales,2021-03-03,,False,,
ID0185,Matthew Velez,pearsonjesse@sharp.com,employee,Sales,2024-11-12,,False,2025-06-17,
ID0186,Ryan Peck,osbornrandy@lopez-curry.com,employee,HR,2018-07-28,2019-07-08,True,2018-09-05,
ID0187,Alexandra Bradley,hebertmatthew@hays-daniels.info,employee,Finance,2025-12-13,,False,,
ID0188,Brandi Gordon,james15@simon.com,employee,IT,2022-09-18,2023-10-18,True,,
ID0189,Alexis Rogers,ashley32@chase.net,employee,Legal,2020-11-20,2021-10-25,True,,
ID0190,James Davis,thomasboyle@green.info,employee,Legal,2019-05-14,,False,,
ID0191,Tiffany Turner,greenmichael@brown.info,employee,IT,2024-09-09,,False,,
ID0192,Jared Shaw,hannah45@walker.info,employee,HR,2024-05-20,2025-02-13,True,,
ID0193,Lisa Perry,ztodd@petersen.org,employee,Sales,2019-08-06,,False,,
ID0194,Angela Griffin,christian91@poole.com,employee,IT,2018-04-04,,False,,
ID0195,Brittany Murphy,nwilson@aguilar.com,employee,HR,2020-05-14,,False,,
ID0196,Jose Bryant,hansenemily@cummings-foster.com,employee,Sales,2025-07-13,,False,,
ID0197,Laura Williams,isabella80@andersen.com,employee,Sales,2023-03-04,2024-02-01,True,,
ID0198,Christopher Taylor,ybrooks@kane-knox.biz,employee,Sales,2019-05-25,,False,,
ID0199,Victor Baxter,desireebailey@haney.net,employee,Legal,2022-12-16,,False,,
ID0200,William Davenport,goodsteven@stephens.com,employee,Finance,2020-09-13,,False,,
ID0201,Christopher Lopez,johnsondonna@miranda.com,employee,HR,2023-12-11,,False,,
ID0202,Kirk Griffin,sanchezbradley@young-robinson.com,employee,IT,2024-12-15,,False,,
ID0203,Wyatt Young,barbara53@walter-odom.net,employee,HR,2018-06-19,2019-03-10,True,,
ID0204,Eric Brown,conniesimmons@williams-cooper.biz,employee,Legal,2020-06-03,,False,,
ID0205,Emma Butler,kevinwhite@wells.com,employee,Sales,2025-07-26,,False,,
ID0206,Suzanne Hart,igrant@sanchez-harris.com,employee,HR,2024-09-05,,False,,
ID0207,Sarah Davis,brettbennett@morrison.org,employee,Sales,2025-12-19,,False,,
ID0208,Kristin Mendoza,kevin03@hayden.info,employee,IT,2025-05-15,,False,,
ID0209,Melissa Padilla,jherman@rowe-james.net,employee,IT,2018-12-19,,False,2021-12-17,
ID0210,Elizabeth Ward,zowens@harrison.com,employee,Sales,2024-07-05,,False,,
ID0211,Angel Shields,allentran@riley.com,employee,Legal,2020-07-17,,False,,
ID0212,Kelly Sanchez,jonathan77@jackson-norton.com,employee,Sales,2023-04-18,,False,,
ID0213,Joshua White,warrenmary@landry.com,employee,Engineering,2019-10-14,,False,2021-01-21,
ID0214,Jennifer Kirby,carloshernandez@wagner.com,employee,IT,2024-08-29,,False,2025-06-24,
ID0215,Mary Jensen,bhopkins@patel.com,employee,Sales,2022-11-30,,False,,
ID0216,Nathan Nichols,andre62@hull.com,employee,IT,2023-03-31,,False,2024-04-25,
ID0217,Manuel King,joseph61@chung-stevens.com,employee,Sales,2020-04-12,,False,2021-01-23,
ID0218,Courtney Sutton DVM,davisnicholas@alvarez.com,employee,HR,2021-04-29,,False,,
ID0219,Mr. Richard Knight PhD,jacobsonsamantha@lewis.org,employee,HR,2025-12-13,,False,,
ID0220,Anthony Jones,rachel90@mcfarland.com,employee,Sales,2019-06-23,,False,,
ID0221,Laurie Goodwin,thickman@elliott.biz,employee,Finance,2020-12-20,,False,,
ID0222,Kimberly Reyes,krystalnorris@mason.com,employee,Sales,2019-11-20,,False,,
ID0223,David Jones,unovak@walters.info,employee,Finance,2023-04-20,,False,2025-08-09,
ID0224,Juan Bennett,eringuerrero@barton.com,employee,Engineering,2022-05-30,,False,,
ID0225,Angela Moore,jodistewart@davis.info,employee,IT,2021-08-25,,False,,
ID0226,Derrick Anderson,ryanhawkins@russell.com,employee,Legal,2024-04-09,,False,2025-09-06,
ID0227,Rachel Shields,carterpaul@hardy.com,employee,Sales,2022-04-04,,False,,
ID0228,Carolyn James,josephadams@brown.com,employee,IT,2024-11-10,,False,,
ID0229,John Jones,sheryl79@gonzalez.biz,employee,Legal,2024-05-12,,False,,
ID0230,Manuel Brock,scott69@evans.com,employee,Finance,2025-02-20,,False,,
ID0231,Christopher Sanders,kelly79@nguyen.biz,employee,HR,2018-12-28,,False,,
ID0232,Timothy Gonzalez,erinpierce@murray.com,employee,HR,2018-06-01,,False,,
ID0233,Andrea Abbott,ichambers@turner.biz,employee,HR,2018-12-13,,False,,
ID0234,Angela Ewing,iaguilar@mclean.com,employee,Sales,2025-07-29,,False,2025-12-24,
ID0235,Heather Woodard,rodriguezjohn@kelly.biz,employee,Finance,2024-12-18,,False,2025-03-31,
ID0236,Erin Hogan,smithjonathan@burgess.com,employee,IT,2024-02-11,,False,,
ID0237,James Barton,michaeljohnson@phillips.com,employee,Engineering,2022-05-05,,False,,
ID0238,Monica Bailey,stanley38@bailey-davis.info,employee,HR,2021-02-23,,False,,
ID0239,Eric Patrick,johnsonmatthew@byrd.com,employee,Sales,2018-05-02,,False,2019-03-22,
ID0240,Kristen Rivera,omullen@soto-lopez.biz,employee,Sales,2021-09-09,,False,2024-12-17,
ID0241,Omar Ware,yvargas@bush.com,employee,Finance,2023-05-17,,False,,
ID0242,Rhonda Brown,lloydamanda@nguyen-ellis.com,employee,HR,2018-07-02,2021-01-10,True,,
ID0243,Katherine Church,candice96@wilson.com,employee,HR,2018-05-19,,False,2022-04-04,
ID0244,Michele Evans,powerslawrence@torres.com,employee,Sales,2022-08-16,,False,,
ID0245,Kayla Barnes,baileyhenderson@reid-steele.com,employee,HR,2020-11-08,,False,2025-03-03,
ID0246,Katherine Taylor,megan90@crane-washington.com,employee,IT,2024-10-13,,False,,
ID0247,Tracey Wagner,fortiz@mckinney-wallace.com,employee,Sales,2022-08-30,,False,,
ID0248,Andre Juarez,antonio38@jackson-ellis.info,employee,Legal,2021-07-16,,False,,
ID0249,Ashley Wilson,amber07@robinson.com,employee,Legal,2025-06-06,,False,,
ID0250,Zachary Cole,michelle17@rowe.com,employee,HR,2023-05-26,,False,,
ID0251,Leah Bell,imartin@li.org,employee,Legal,2023-11-06,,False,,
ID0252,Douglas Ryan,tiffany44@adams.com,employee,Legal,2018-08-02,,False,2019-09-04,
ID0253,Paul Jenkins,riddlemichelle@miles.com,employee,Legal,2018-09-24,2021-03-19,True,,
ID0254,Frank Wright,kburns@adams.com,employee,Sales,2021-11-20,,False,2023-07-18,
ID0255,Paul Neal,shawn75@smith.info,employee,HR,2021-04-27,,False,2024-05-06,
ID0256,Melissa Horn,brobinson@simpson.com,employee,HR,2020-01-10,,False,,
ID0257,Kenneth Knight,rkramer@williams.info,employee,Finance,2023-02-05,,False,,
ID0258,Timothy Moore,bsmith@forbes.com,employee,HR,2022-03-07,,False,,
ID0259,Timothy Hill,john52@sanders.com,employee,Engineering,2024-05-26,,False,2026-04-19,
ID0260,Brandon Davis,thomasanderson@stone.com,employee,Legal,2018-06-01,,False,,
ID0261,Greg Martinez,ebenson@perez.com,employee,Sales,2021-11-16,2023-04-04,True,2022-08-18,
ID0262,Jacob Evans,wayala@may.com,employee,Engineering,2020-11-17,,False,,
ID0263,Justin Bishop,scottbowen@goodman.info,employee,HR,2019-06-04,,False,,
ID0264,Angelica Garcia,lawrencepatrick@edwards-taylor.com,employee,HR,2024-10-06,,False,,
ID0265,Danielle Burke,kimberly04@holmes.com,employee,Sales,2019-09-07,,False,,
ID0266,Elizabeth Brown,troyrodriguez@little-jones.com,employee,Legal,2025-04-09,,False,,
ID0267,Dr. Bonnie Valencia,rdiaz@farmer.com,employee,Legal,2022-08-04,,False,2022-11-05,
ID0268,Alexis Lewis,fryraymond@fuller-mason.biz,employee,Engineering,2022-07-26,,False,2023-11-19,
ID0269,James Davidson,joshuacollins@mccall.com,employee,Sales,2024-06-16,,False,,
ID0270,Mark Davenport,collinssamuel@brown.biz,employee,Legal,2019-12-03,,False,,
ID0271,Logan Brown,davidzimmerman@smith.net,employee,Finance,2021-04-29,,False,,
ID0272,Michelle Jackson,karamarks@tanner.biz,employee,Sales,2021-05-27,,False,,
ID0273,Austin Joseph,crawfordwilliam@porter.com,employee,Legal,2021-10-28,,False,,
ID0274,David Garcia,perezwilliam@trevino.com,employee,Finance,2021-11-29,2024-02-09,True,,
ID0275,Jack Mora,sarahmathews@pratt.com,employee,Legal,2021-12-15,2023-01-01,True,2022-02-16,
ID0276,Jason Cortez,margaret95@shaw.com,employee,IT,2024-12-13,,False,,
ID0277,Jose Williams,djones@ayala-collins.com,employee,Sales,2025-09-27,2026-12-12,True,2025-12-01,
ID0278,Aimee Gonzalez,jodi37@vargas-snyder.com,employee,Sales,2023-09-05,2026-02-04,True,,
ID0279,Kimberly Flynn,adamortiz@weaver.com,employee,Sales,2023-07-23,,False,2024-05-21,
ID0280,April Sandoval,dalton83@vasquez-brown.com,employee,Sales,2025-12-12,,False,,
ID0281,Anna Morse,xhaynes@villegas-miller.com,employee,Finance,2019-12-03,,False,2020-03-18,
ID0282,Mandy Foster,grahamtamara@carter.biz,employee,Finance,2025-10-24,,False,,
ID0283,Nancy Stewart,jesus32@rodriguez.com,employee,Sales,2022-05-07,2023-05-13,True,2022-12-09,
ID0284,Joshua Oconnell,shannonford@davis.com,employee,Sales,2024-09-14,,False,,
ID0285,Melissa Williams,eddie35@palmer-byrd.com,employee,HR,2020-03-22,,False,,
ID0286,Carrie Crane,jhawkins@davis.com,employee,Finance,2019-01-30,2021-07-20,True,,
ID0287,Antonio Norman,davidcolon@parks-pace.com,employee,Legal,2020-02-18,,False,,
ID0288,Deanna Hess,osbornjames@ramos.com,employee,Engineering,2025-04-18,,False,,
ID0289,Tom Williams,zunderwood@johnson-vega.com,employee,IT,2018-04-14,2020-07-21,True,,
ID0290,Terry Hill,cstephenson@harvey.biz,employee,Engineering,2025-01-27,,False,2025-04-02,
ID0291,Karen Miller,mtaylor@wilkerson.net,employee,HR,2018-12-23,,False,,
ID0292,Virginia Casey,timothy75@shaw.com,employee,HR,2021-09-15,,False,,
ID0293,Alyssa Cochran,brian78@wang-key.com,employee,IT,2020-04-23,,False,2021-08-05,
ID0294,Matthew Adams,gallagherstacie@bradford.com,employee,Legal,2018-09-05,,False,,
ID0295,Kevin Drake,robin05@elliott.info,employee,Finance,2021-02-26,,False,2023-01-22,
ID0296,Casey Johnson,halljeffery@woods.com,employee,IT,2021-07-04,,False,2023-11-26,
ID0297,Christopher Lang,brian29@stark.com,employee,HR,2018-07-09,,False,,
ID0298,Jacqueline Mcmahon,vwillis@morris-daugherty.biz,employee,Legal,2020-08-29,2023-04-07,True,2021-11-15,
ID0299,Toni Banks,jasminehoffman@buchanan.com,employee,Engineering,2021-10-19,,False,,
ID0300,Nicholas Phillips,jessicarush@myers.com,employee,Sales,2019-09-06,,False,,
ID0301,Evan Lamb,daniellegarcia@yahoo.com,contractor,External,2025-03-28,2025-11-29,True,,ID0047
ID0302,Patrick Young,gary15@yahoo.com,contractor,External,2026-03-31,,False,,ID0039
ID0303,Daniel Steele,jonathan10@gmail.com,contractor,External,2025-07-07,2026-05-28,True,,ID0033
ID0304,Nicholas Costa,ysnyder@yahoo.com,contractor,External,2025-10-17,2026-07-20,True,,ID0015
ID0305,Ashley Mendoza,franciscojones@gmail.com,contractor,External,2026-02-01,2026-12-12,True,,ID0024
ID0306,Fernando Lynn,petersonpamela@gmail.com,contractor,External,2026-01-25,,False,,ID0037
ID0307,Kimberly Villanueva,morgantricia@yahoo.com,contractor,External,2025-10-03,,False,,ID0036
ID0308,Jessica Valdez,gmoore@yahoo.com,contractor,External,2024-08-24,,False,,ID0042
ID0309,Colton Terry,donna43@gmail.com,contractor,External,2024-10-29,2025-04-13,True,,ID0002
ID0310,Kenneth Larsen,briansmith@gmail.com,contractor,External,2025-11-19,2026-05-26,True,,ID0022
ID0311,Matthew Greene,collinclark@hotmail.com,contractor,External,2025-05-28,2025-09-08,True,,ID0037
ID0312,Bradley Anthony,kristen77@hotmail.com,contractor,External,2024-07-18,,False,,ID0010
ID0313,Martin Hughes,nicole52@yahoo.com,contractor,External,2024-08-12,,False,,ID0006
ID0314,Jeremiah Baker,anne21@gmail.com,contractor,External,2024-11-25,2025-07-27,True,,ID0030
ID0315,Rhonda Gutierrez,angelarandall@hotmail.com,contractor,External,2025-06-07,2025-12-13,True,,ID0047
ID0316,Joseph Camacho,parmstrong@yahoo.com,contractor,External,2025-06-24,,False,,ID0037
ID0317,James Nash,shawrachel@hotmail.com,contractor,External,2024-09-19,2024-11-14,True,,ID0010
ID0318,Lisa Martinez,kthompson@gmail.com,contractor,External,2025-12-12,,False,,ID0004
ID0319,Beth Henderson,oharris@gmail.com,contractor,External,2024-07-01,2025-03-14,True,,ID0043
ID0320,Deanna Bartlett,millerangela@hotmail.com,contractor,External,2025-03-14,,False,,ID0029
ID0321,Donald Ellis,buchanancindy@hotmail.com,contractor,External,2025-03-24,2026-01-10,True,,ID0008
ID0322,Ashley Hernandez,buckleyanna@gmail.com,contractor,External,2025-06-03,,False,,ID0019
ID0323,Sharon Beard,pbaker@yahoo.com,contractor,External,2024-06-27,,False,,ID0032
ID0324,Kara Jackson,mthomas@hotmail.com,contractor,External,2024-11-29,,False,,ID0003
ID0325,Amanda Preston,hannah07@yahoo.com,contractor,External,2025-10-09,2026-09-10,True,,ID0004
ID0326,Alicia Roth,larry71@gmail.com,contractor,External,2026-05-15,2026-09-30,True,,ID0050
ID0327,William Ramos,joseph69@hotmail.com,contractor,External,2026-01-02,,False,,ID0019
ID0328,Jeremy Mcintyre,wfigueroa@hotmail.com,contractor,External,2025-06-21,2026-04-01,True,,ID0048
ID0329,Samantha Robertson,cameronmckinney@yahoo.com,contractor,External,2025-03-08,2025-10-18,True,,ID0035
ID0330,Samuel Suarez,thompsonnancy@gmail.com,contractor,External,2025-09-29,,False,,ID0043
ID0331,Danielle Bryant,janet45@yahoo.com,contractor,External,2025-05-25,2025-07-15,True,,ID0028
ID0332,Madison Martinez,allentracy@yahoo.com,contractor,External,2026-05-03,,False,,ID0005
ID0333,Seth Matthews,max41@yahoo.com,contractor,External,2025-07-06,,False,,ID0037
ID0334,Anthony Nash,mercedesholland@hotmail.com,contractor,External,2025-04-03,,False,,ID0027
ID0335,Matthew Palmer,wellsdavid@gmail.com,contractor,External,2025-07-30,2025-09-08,True,,ID0021
ID0336,Alejandra King,jennifer46@yahoo.com,contractor,External,2025-11-28,,False,,ID0040
ID0337,Judy Robinson,erica96@hotmail.com,contractor,External,2025-02-05,,False,,ID0024
ID0338,Jorge Bates,anna99@yahoo.com,contractor,External,2026-02-21,,False,,ID0007
ID0339,Brian Brown,danielle44@hotmail.com,contractor,External,2025-09-15,,False,,ID0026
ID0340,Stephanie Evans,zacharyallen@gmail.com,contractor,External,2024-12-02,2025-06-08,True,,ID0048
ID0341,Rebekah Greene,erin07@yahoo.com,contractor,External,2025-06-09,2025-10-03,True,,ID0005
ID0342,Jason Price,aguilarwanda@gmail.com,contractor,External,2024-12-16,,False,,ID0034
ID0343,Micheal Parks,qknox@yahoo.com,contractor,External,2024-12-16,2025-07-12,True,,ID0023
ID0344,Sarah Pittman,kellyruiz@hotmail.com,contractor,External,2024-07-31,,False,,ID0016
ID0345,Robert Hines,staceylam@hotmail.com,contractor,External,2026-02-06,2026-06-17,True,,ID0012
ID0346,Henry Garner,robert55@yahoo.com,contractor,External,2024-09-13,2025-09-13,True,,ID0005
ID0347,Julie Wilson,delacruzbrandy@hotmail.com,contractor,External,2025-11-22,,False,,ID0041
ID0348,Steve Mason,amoreno@gmail.com,contractor,External,2025-01-02,,False,,ID0037
ID0349,Brittany Gay,robert97@gmail.com,contractor,External,2024-10-06,,False,,ID0037
ID0350,Mike Maxwell,lcook@yahoo.com,contractor,External,2024-08-02,,False,,ID0040
ID0351,svc-protect-test,,service_account,Engineering,2024-05-31,,False,,ID0010
ID0352,svc-article-prod,,service_account,Engineering,2023-10-05,,False,,ID0029
ID0353,svc-above-dev,,service_account,Engineering,2022-09-07,,False,,ID0038
ID0354,svc-live-dev,,service_account,IT,2025-11-28,,False,,ID0020
ID0355,svc-eye-dev,,service_account,IT,2023-08-21,,False,,ID0004
ID0356,svc-determine-dev,,service_account,IT,2024-02-27,,False,,ID0042
ID0357,svc-sort-test,,service_account,Engineering,2025-09-20,,False,,ID0030
ID0358,svc-staff-test,,service_account,IT,2022-12-21,,False,,ID0029
ID0359,svc-concern-test,,service_account,IT,2021-09-07,,False,,ID0021
ID0360,svc-part-dev,,service_account,IT,2022-10-31,,False,,ID0004
ID0361,svc-south-prod,,service_account,Engineering,2023-09-13,,False,,ID0046
ID0362,svc-cold-test,,service_account,IT,2025-10-02,,False,,ID0003
ID0363,svc-might-test,,service_account,Engineering,2024-11-01,,False,,ID0029
ID0364,svc-stock-test,,service_account,IT,2023-04-15,,False,,ID0024
ID0365,svc-source-dev,,service_account,Engineering,2024-02-19,,False,,ID0027
ID0366,svc-state-dev,,service_account,IT,2021-11-18,,False,,ID0041
ID0367,svc-behavior-dev,,service_account,IT,2022-08-06,,False,,ID0022
ID0368,svc-carry-test,,service_account,Engineering,2025-09-11,,False,,ID0019
ID0369,svc-possible-test,,service_account,IT,2024-10-23,,False,,ID0022
ID0370,svc-leader-test,,service_account,IT,2025-10-08,,False,,ID0023
ID0371,svc-property-test,,service_account,Engineering,2024-06-26,,False,,ID0009
ID0372,svc-laugh-test,,service_account,IT,2022-11-21,,False,,ID0020
ID0373,svc-international-dev,,service_account,Engineering,2023-02-03,,False,,ID0009
ID0374,svc-laugh-test,,service_account,IT,2022-06-20,,False,,ID0042
ID0375,svc-me-dev,,service_account,Engineering,2022-06-19,,False,,ID0002
ID0376,svc-identify-dev,,service_account,IT,2024-03-11,,False,,ID0014
ID0377,svc-above-dev,,service_account,IT,2024-04-23,,False,,ID0015
ID0378,svc-always-prod,,service_account,IT,2025-06-15,,False,,ID0019
ID0379,svc-none-prod,,service_account,IT,2021-10-21,,False,,ID0043
ID0380,svc-decision-test,,service_account,IT,2024-05-03,,False,,ID0039
ID0381,svc-side-prod,,service_account,IT,2024-02-11,,False,,ID0012
ID0382,svc-hour-test,,service_account,IT,2021-07-25,,False,,ID0047
ID0383,svc-address-prod,,service_account,Engineering,2023-10-09,,False,,ID0024
ID0384,svc-wait-test,,service_account,IT,2022-06-07,,False,,ID0029
ID0385,svc-fund-dev,,service_account,Engineering,2022-10-20,,False,,ID0015
ID0386,svc-sometimes-prod,,service_account,Engineering,2023-03-26,,False,,ID0031
ID0387,svc-these-prod,,service_account,Engineering,2021-07-17,,False,,ID0044
ID0388,svc-nice-dev,,service_account,Engineering,2023-01-10,,False,,ID0050
ID0389,svc-cut-dev,,service_account,Engineering,2024-08-23,,False,,ID0011
ID0390,svc-affect-prod,,service_account,IT,2021-08-24,,False,,ID0017
ID0391,svc-require-test,,service_account,Engineering,2025-12-07,,False,,ID0024
ID0392,svc-above-prod,,service_account,IT,2023-02-12,,False,,ID0019
ID0393,svc-produce-prod,,service_account,Engineering,2025-10-03,,False,,ID0029
ID0394,svc-similar-prod,,service_account,Engineering,2023-05-07,,False,,ID0006
ID0395,svc-energy-dev,,service_account,Engineering,2024-12-24,,False,,ID0002
ID0396,svc-draw-prod,,service_account,Engineering,2023-11-25,,False,,ID0033
ID0397,svc-rule-prod,,service_account,Engineering,2024-02-17,,False,,ID0006
ID0398,svc-understand-prod,,service_account,IT,2024-02-15,,False,,ID0021
ID0399,svc-guy-test,,service_account,Engineering,2025-09-02,,False,,ID0010
ID0400,svc-forget-prod,,service_account,Engineering,2025-06-15,,False,,ID0031
